website_id,category,scenario,technical_score,technical_norm,demographic_score,demographic_norm,final_score,rank,baseline_a_rank,baseline_b_rank,baseline_c_rank,stability_status,top_issue_1,top_issue_2,top_issue_3
W17,melihat,S1,1.600128760929173,1.0,0.003399922992,0.2142629917577878,0.764278897527,1,19,2,19,,SC 1.4.3,SC 1.3.1,SC 4.1.2
W01,melihat,S1,1.3044765870161297,0.729317993694255,0.005900072117,0.8095244042621984,0.753379916865,2,2,3,5,,SC 1.4.3,SC 1.1.1,SC 4.1.2
W20,melihat,S1,1.2436070217987385,0.67358934533719,0.004900025264,0.5714228861028083,0.642939407567,3,18,10,14,,SC 1.4.3,SC 1.3.1,SC 1.1.1
W31,melihat,S1,1.286909202484097,0.7132343139169715,0.004299835255,0.428523429044072,0.627821048455,4,12,4,25,,SC 1.3.1,SC 4.1.2,SC 1.4.3
W19,melihat,S1,1.088724182844384,0.5317875887811064,0.005599948777,0.738067929323352,0.593671690944,5,23,5,3,,SC 4.1.2,SC 2.4.4,SC 1.4.3
W29,melihat,S1,0.9646390877914196,0.4181824627404836,0.005400352142,0.6905458940602645,0.499891492136,6,26,6,6,,SC 1.4.3,SC 4.1.2,SC 2.4.4
W13,melihat,S1,1.1624476015088834,0.5992844808611032,0.003499989199,0.2380877912976066,0.490925473992,7,1,1,13,,SC 1.3.1,SC 4.1.2,SC 1.1.1
W32,melihat,S1,0.8849181419396025,0.3451945821436433,0.005399833245,0.6904223496852206,0.448762912406,8,4,22,11,,SC 1.4.3,SC 1.1.1,SC 1.3.1
W11,melihat,S1,0.9332860140782996,0.3894774044140215,0.0038,0.3095174717851015,0.365489424625,9,11,27,15,,SC 1.1.1,SC 4.1.2,SC 1.3.1
W16,melihat,S1,1.0742314292211954,0.5185188629818052,0.0025,0.0,0.362963204087,10,28,23,30,,SC 1.3.1,SC 1.4.4,SC 3.1.1
W34,melihat,S1,0.8066572723743852,0.2735434628274167,0.004800135215,0.5476400280851391,0.355772432405,11,13,8,12,,SC 1.4.3,SC 1.1.1,SC 4.1.2
W09,melihat,S1,0.982737456581347,0.434752280949768,0.00309982604,0.1428127995474377,0.347170436529,12,5,11,24,,SC 4.1.2,SC 2.4.4,SC 1.3.1
W18,melihat,S1,0.6550251445130822,0.1347178690674381,0.005999963462,0.833307570844978,0.344294779601,13,6,17,4,,SC 4.1.2,SC 2.4.4,SC 1.3.1
W08,melihat,S1,0.9271353804079736,0.3838462404692397,0.003499989103,0.2380877684409318,0.340118698861,14,3,7,22,,SC 1.3.1,SC 1.1.1,SC 1.4.3
W33,melihat,S1,0.5457877071569939,0.0347063984399946,0.006700086,1.0,0.324294478908,15,15,13,1,,SC 4.1.2,SC 2.4.4,SC 1.1.1
W25,melihat,S1,0.8512191036083008,0.3143416944906885,0.003599924798,0.2618814943313065,0.298603634443,16,8,9,16,,SC 1.3.1,SC 1.4.3,SC 4.1.2
W24,melihat,S1,0.6104633132791664,0.0939196374041659,0.00539983512,0.6904227961046511,0.272870585014,17,29,29,8,,SC 1.3.1,SC 3.1.1,No dominant issue
W14,melihat,S1,0.7318489114928984,0.2050532604932349,0.00429995481,0.4285518939374098,0.272102850526,18,27,25,2,,SC 1.3.1,SC 4.1.2,SC 1.4.3
W23,melihat,S1,0.7419816662522126,0.2143302238632453,0.004099953365,0.380933477314512,0.264311199899,19,20,12,10,,SC 1.4.3,SC 4.1.2,SC 2.4.4
W21,melihat,S1,0.6974198350182967,0.1735319921999732,0.004300098501,0.4285861053797469,0.250048226154,20,10,14,21,,SC 1.4.3,SC 4.1.2,SC 2.4.4
W06,melihat,S1,0.6974198350182967,0.1735319921999732,0.004299988449,0.4285599030591277,0.250040365458,21,14,19,17,,SC 4.1.2,SC 1.4.3,SC 2.4.4
W04,melihat,S1,0.6974198350182967,0.1735319921999732,0.004199927431,0.4047363389702019,0.242893296231,22,22,14,20,,SC 4.1.2,SC 2.4.4,SC 1.4.3
W10,melihat,S1,0.8066572723743852,0.2735434628274167,0.003099825672,0.1428127119301842,0.234324237558,23,7,26,29,,SC 1.3.1,SC 1.4.3,SC 4.1.2
W22,melihat,S1,0.6974198350182967,0.1735319921999732,0.003700054996,0.2857215295115385,0.207188853393,24,16,14,23,,SC 1.4.3,SC 1.3.1,SC 4.1.2
W15,melihat,S1,0.6974198350182967,0.1735319921999732,0.0035,0.2380903629116165,0.192899503413,25,29,23,18,,SC 1.3.1,SC 2.2.1,SC 1.4.3
W03,melihat,S1,0.5235067915400359,0.0143072826083585,0.004700031911,0.5238063961071272,0.167157016658,26,25,28,9,,SC 1.3.1,SC 1.4.3,SC 4.1.2
W12,melihat,S1,0.6974198350182967,0.1735319921999732,0.003100000405,0.1428543141735669,0.164328688792,27,21,29,27,,SC 1.3.1,SC 1.4.3,No dominant issue
W27,melihat,S1,0.5078796751916681,0.0,0.004699971818,0.5237920885429488,0.157137626563,28,17,21,7,,SC 4.1.2,SC 2.4.4,SC 1.3.1
W05,melihat,S1,0.6327442288961241,0.1143187532358018,0.003200132191,0.1666947274412952,0.130031545497,29,9,18,28,,SC 4.1.2,SC 2.4.4,SC 1.3.1
W02,melihat,S1,0.5457877071569939,0.0347063984399946,0.003800015878,0.3095212521838837,0.117150854563,30,24,20,26,,SC 1.4.3,SC 4.1.2,SC 2.4.4
W01,melihat,S2,1.3044765870161297,0.729317993694255,0.005900072117,0.8095244042621984,0.769421198978,1,2,3,5,,SC 1.4.3,SC 1.1.1,SC 4.1.2
W19,melihat,S2,1.088724182844384,0.5317875887811064,0.005599948777,0.738067929323352,0.634927759052,2,23,5,3,,SC 4.1.2,SC 2.4.4,SC 1.4.3
W20,melihat,S2,1.2436070217987385,0.67358934533719,0.004900025264,0.5714228861028083,0.62250611572,3,18,10,14,,SC 1.4.3,SC 1.3.1,SC 1.1.1
W17,melihat,S2,1.600128760929173,1.0,0.003399922992,0.2142629917577878,0.607131495879,4,19,2,19,,SC 1.4.3,SC 1.3.1,SC 4.1.2
W31,melihat,S2,1.286909202484097,0.7132343139169715,0.004299835255,0.428523429044072,0.570878871481,5,12,4,25,,SC 1.3.1,SC 4.1.2,SC 1.4.3
W29,melihat,S2,0.9646390877914196,0.4181824627404836,0.005400352142,0.6905458940602645,0.5543641784,6,26,6,6,,SC 1.4.3,SC 4.1.2,SC 2.4.4
W32,melihat,S2,0.8849181419396025,0.3451945821436433,0.005399833245,0.6904223496852206,0.517808465914,7,4,22,11,,SC 1.4.3,SC 1.1.1,SC 1.3.1
W33,melihat,S2,0.5457877071569939,0.0347063984399946,0.006700086,1.0,0.51735319922,8,15,13,1,,SC 4.1.2,SC 2.4.4,SC 1.1.1
W18,melihat,S2,0.6550251445130822,0.1347178690674381,0.005999963462,0.833307570844978,0.484012719956,9,6,17,4,,SC 4.1.2,SC 2.4.4,SC 1.3.1
W13,melihat,S2,1.1624476015088834,0.5992844808611032,0.003499989199,0.2380877912976066,0.418686136079,10,1,1,13,,SC 1.3.1,SC 4.1.2,SC 1.1.1
W34,melihat,S2,0.8066572723743852,0.2735434628274167,0.004800135215,0.5476400280851391,0.410591745456,11,13,8,12,,SC 1.4.3,SC 1.1.1,SC 4.1.2
W24,melihat,S2,0.6104633132791664,0.0939196374041659,0.00539983512,0.6904227961046511,0.392171216754,12,29,29,8,,SC 1.3.1,SC 3.1.1,No dominant issue
W11,melihat,S2,0.9332860140782996,0.3894774044140215,0.0038,0.3095174717851015,0.3494974381,13,11,27,15,,SC 1.1.1,SC 4.1.2,SC 1.3.1
W14,melihat,S2,0.7318489114928984,0.2050532604932349,0.00429995481,0.4285518939374098,0.316802577215,14,27,25,2,,SC 1.3.1,SC 4.1.2,SC 1.4.3
W08,melihat,S2,0.9271353804079736,0.3838462404692397,0.003499989103,0.2380877684409318,0.310967004455,15,3,7,22,,SC 1.3.1,SC 1.1.1,SC 1.4.3
W21,melihat,S2,0.6974198350182967,0.1735319921999732,0.004300098501,0.4285861053797469,0.30105904879,16,10,14,21,,SC 1.4.3,SC 4.1.2,SC 2.4.4
W06,melihat,S2,0.6974198350182967,0.1735319921999732,0.004299988449,0.4285599030591277,0.30104594763,17,14,19,17,,SC 4.1.2,SC 1.4.3,SC 2.4.4
W23,melihat,S2,0.7419816662522126,0.2143302238632453,0.004099953365,0.380933477314512,0.297631850589,18,20,12,10,,SC 1.4.3,SC 4.1.2,SC 2.4.4
W04,melihat,S2,0.6974198350182967,0.1735319921999732,0.004199927431,0.4047363389702019,0.289134165585,19,22,14,20,,SC 4.1.2,SC 2.4.4,SC 1.4.3
W09,melihat,S2,0.982737456581347,0.434752280949768,0.00309982604,0.1428127995474377,0.288782540249,20,5,11,24,,SC 4.1.2,SC 2.4.4,SC 1.3.1
W25,melihat,S2,0.8512191036083008,0.3143416944906885,0.003599924798,0.2618814943313065,0.288111594411,21,8,9,16,,SC 1.3.1,SC 1.4.3,SC 4.1.2
W03,melihat,S2,0.5235067915400359,0.0143072826083585,0.004700031911,0.5238063961071272,0.269056839358,22,25,28,9,,SC 1.3.1,SC 1.4.3,SC 4.1.2
W27,melihat,S2,0.5078796751916681,0.0,0.004699971818,0.5237920885429488,0.261896044271,23,17,21,7,,SC 4.1.2,SC 2.4.4,SC 1.3.1
W16,melihat,S2,1.0742314292211954,0.5185188629818052,0.0025,0.0,0.259259431491,24,28,23,30,,SC 1.3.1,SC 1.4.4,SC 3.1.1
W22,melihat,S2,0.6974198350182967,0.1735319921999732,0.003700054996,0.2857215295115385,0.229626760856,25,16,14,23,,SC 1.4.3,SC 1.3.1,SC 4.1.2
W10,melihat,S2,0.8066572723743852,0.2735434628274167,0.003099825672,0.1428127119301842,0.208178087379,26,7,26,29,,SC 1.3.1,SC 1.4.3,SC 4.1.2
W15,melihat,S2,0.6974198350182967,0.1735319921999732,0.0035,0.2380903629116165,0.205811177556,27,29,23,18,,SC 1.3.1,SC 2.2.1,SC 1.4.3
W02,melihat,S2,0.5457877071569939,0.0347063984399946,0.003800015878,0.3095212521838837,0.172113825312,28,24,20,26,,SC 1.4.3,SC 4.1.2,SC 2.4.4
W12,melihat,S2,0.6974198350182967,0.1735319921999732,0.003100000405,0.1428543141735669,0.158193153187,29,21,29,27,,SC 1.3.1,SC 1.4.3,No dominant issue
W05,melihat,S2,0.6327442288961241,0.1143187532358018,0.003200132191,0.1666947274412952,0.140506740339,30,9,18,28,,SC 4.1.2,SC 2.4.4,SC 1.3.1
W01,melihat,S3,1.3044765870161297,0.729317993694255,0.005900072117,0.8095244042621984,0.785462481092,1,2,3,5,,SC 1.4.3,SC 1.1.1,SC 4.1.2
W33,melihat,S3,0.5457877071569939,0.0347063984399946,0.006700086,1.0,0.710411919532,2,15,13,1,,SC 4.1.2,SC 2.4.4,SC 1.1.1
W19,melihat,S3,1.088724182844384,0.5317875887811064,0.005599948777,0.738067929323352,0.676183827161,3,23,5,3,,SC 4.1.2,SC 2.4.4,SC 1.4.3
W18,melihat,S3,0.6550251445130822,0.1347178690674381,0.005999963462,0.833307570844978,0.623730660312,4,6,17,4,,SC 4.1.2,SC 2.4.4,SC 1.3.1
W29,melihat,S3,0.9646390877914196,0.4181824627404836,0.005400352142,0.6905458940602645,0.608836864664,5,26,6,6,,SC 1.4.3,SC 4.1.2,SC 2.4.4
W20,melihat,S3,1.2436070217987385,0.67358934533719,0.004900025264,0.5714228861028083,0.602072823873,6,18,10,14,,SC 1.4.3,SC 1.3.1,SC 1.1.1
W32,melihat,S3,0.8849181419396025,0.3451945821436433,0.005399833245,0.6904223496852206,0.586854019423,7,4,22,11,,SC 1.4.3,SC 1.1.1,SC 1.3.1
W31,melihat,S3,1.286909202484097,0.7132343139169715,0.004299835255,0.428523429044072,0.513936694506,8,12,4,25,,SC 1.3.1,SC 4.1.2,SC 1.4.3
W24,melihat,S3,0.6104633132791664,0.0939196374041659,0.00539983512,0.6904227961046511,0.511471848495,9,29,29,8,,SC 1.3.1,SC 3.1.1,No dominant issue
W34,melihat,S3,0.8066572723743852,0.2735434628274167,0.004800135215,0.5476400280851391,0.465411058508,10,13,8,12,,SC 1.4.3,SC 1.1.1,SC 4.1.2
W17,melihat,S3,1.600128760929173,1.0,0.003399922992,0.2142629917577878,0.44998409423,11,19,2,19,,SC 1.4.3,SC 1.3.1,SC 4.1.2
W03,melihat,S3,0.5235067915400359,0.0143072826083585,0.004700031911,0.5238063961071272,0.370956662057,12,25,28,9,,SC 1.3.1,SC 1.4.3,SC 4.1.2
W27,melihat,S3,0.5078796751916681,0.0,0.004699971818,0.5237920885429488,0.36665446198,13,17,21,7,,SC 4.1.2,SC 2.4.4,SC 1.3.1
W14,melihat,S3,0.7318489114928984,0.2050532604932349,0.00429995481,0.4285518939374098,0.361502303904,14,27,25,2,,SC 1.3.1,SC 4.1.2,SC 1.4.3
W21,melihat,S3,0.6974198350182967,0.1735319921999732,0.004300098501,0.4285861053797469,0.352069871426,15,10,14,21,,SC 1.4.3,SC 4.1.2,SC 2.4.4
W06,melihat,S3,0.6974198350182967,0.1735319921999732,0.004299988449,0.4285599030591277,0.352051529801,16,14,19,17,,SC 4.1.2,SC 1.4.3,SC 2.4.4
W13,melihat,S3,1.1624476015088834,0.5992844808611032,0.003499989199,0.2380877912976066,0.346446798167,17,1,1,13,,SC 1.3.1,SC 4.1.2,SC 1.1.1
W04,melihat,S3,0.6974198350182967,0.1735319921999732,0.004199927431,0.4047363389702019,0.335375034939,18,22,14,20,,SC 4.1.2,SC 2.4.4,SC 1.4.3
W11,melihat,S3,0.9332860140782996,0.3894774044140215,0.0038,0.3095174717851015,0.333505451574,19,11,27,15,,SC 1.1.1,SC 4.1.2,SC 1.3.1
W23,melihat,S3,0.7419816662522126,0.2143302238632453,0.004099953365,0.380933477314512,0.330952501279,20,20,12,10,,SC 1.4.3,SC 4.1.2,SC 2.4.4
W08,melihat,S3,0.9271353804079736,0.3838462404692397,0.003499989103,0.2380877684409318,0.281815310049,21,3,7,22,,SC 1.3.1,SC 1.1.1,SC 1.4.3
W25,melihat,S3,0.8512191036083008,0.3143416944906885,0.003599924798,0.2618814943313065,0.277619554379,22,8,9,16,,SC 1.3.1,SC 1.4.3,SC 4.1.2
W22,melihat,S3,0.6974198350182967,0.1735319921999732,0.003700054996,0.2857215295115385,0.252064668318,23,16,14,23,,SC 1.4.3,SC 1.3.1,SC 4.1.2
W09,melihat,S3,0.982737456581347,0.434752280949768,0.00309982604,0.1428127995474377,0.230394643968,24,5,11,24,,SC 4.1.2,SC 2.4.4,SC 1.3.1
W02,melihat,S3,0.5457877071569939,0.0347063984399946,0.003800015878,0.3095212521838837,0.227076796061,25,24,20,26,,SC 1.4.3,SC 4.1.2,SC 2.4.4
W15,melihat,S3,0.6974198350182967,0.1735319921999732,0.0035,0.2380903629116165,0.218722851698,26,29,23,18,,SC 1.3.1,SC 2.2.1,SC 1.4.3
W10,melihat,S3,0.8066572723743852,0.2735434628274167,0.003099825672,0.1428127119301842,0.182031937199,27,7,26,29,,SC 1.3.1,SC 1.4.3,SC 4.1.2
W16,melihat,S3,1.0742314292211954,0.5185188629818052,0.0025,0.0,0.155555658895,28,28,23,30,,SC 1.3.1,SC 1.4.4,SC 3.1.1
W12,melihat,S3,0.6974198350182967,0.1735319921999732,0.003100000405,0.1428543141735669,0.152057617581,29,21,29,27,,SC 1.3.1,SC 1.4.3,No dominant issue
W05,melihat,S3,0.6327442288961241,0.1143187532358018,0.003200132191,0.1666947274412952,0.15098193518,30,9,18,28,,SC 4.1.2,SC 2.4.4,SC 1.3.1
W13,tangan,S1,1.5051110808232249,1.0,0.003600009721,0.6428166857361967,0.892845005721,1,1,1,13,,SC 1.3.1,SC 4.1.2,SC 1.1.1
W33,tangan,S1,1.0568352187542591,0.702164266956443,0.004600099579,1.0,0.79151498687,2,15,13,1,,SC 4.1.2,SC 2.4.4,SC 1.1.1
W23,tangan,S1,0.8499386670301213,0.5647016209363397,0.003799937821,0.7142212508372509,0.609557509907,3,20,12,10,,SC 1.4.3,SC 4.1.2,SC 2.4.4
W29,tangan,S1,1.0568352187542591,0.702164266956443,0.002800368911,0.3572239937879173,0.598682185006,4,26,6,6,,SC 1.4.3,SC 4.1.2,SC 2.4.4
W01,tangan,S1,0.8499386670301213,0.5647016209363397,0.003299987056,0.5356632244929582,0.555990102003,5,2,3,5,,SC 1.4.3,SC 1.1.1,SC 4.1.2
W27,tangan,S1,0.8499386670301213,0.5647016209363397,0.003299984825,0.5356624276885833,0.555989862962,6,17,21,7,,SC 4.1.2,SC 2.4.4,SC 1.3.1
W34,tangan,S1,0.9740765980646042,0.6471792085484017,0.002700076058,0.3214042788443503,0.549446729637,7,13,8,12,,SC 1.4.3,SC 1.1.1,SC 4.1.2
W17,tangan,S1,0.8499386670301213,0.5647016209363397,0.003100043034,0.4642529728301573,0.534567026504,8,19,2,19,,SC 1.4.3,SC 1.3.1,SC 4.1.2
W19,tangan,S1,0.8499386670301213,0.5647016209363397,0.003000018294,0.4285290147720052,0.523849839087,9,23,5,3,,SC 4.1.2,SC 2.4.4,SC 1.4.3
W18,tangan,S1,0.8499386670301213,0.5647016209363397,0.002999981731,0.4285159562518984,0.523845921531,10,6,17,4,,SC 4.1.2,SC 2.4.4,SC 1.3.1
W25,tangan,S1,0.8499386670301213,0.5647016209363397,0.002999811995,0.428455334832188,0.523827735105,11,8,9,16,,SC 1.3.1,SC 1.4.3,SC 4.1.2
W04,tangan,S1,0.8499386670301213,0.5647016209363397,0.002900036284,0.3928203177855424,0.513137229991,12,22,14,20,,SC 4.1.2,SC 2.4.4,SC 1.4.3
W22,tangan,S1,0.8499386670301213,0.5647016209363397,0.002800028694,0.3571024848708367,0.502421880117,13,16,14,23,,SC 1.4.3,SC 1.3.1,SC 4.1.2
W14,tangan,S1,0.4361455635818455,0.2897763288961333,0.004399904304,0.9285000130213764,0.481393434134,14,27,25,2,,SC 1.3.1,SC 4.1.2,SC 1.4.3
W21,tangan,S1,0.8499386670301213,0.5647016209363397,0.002600051074,0.2856802336413003,0.480995204748,15,10,14,21,,SC 1.4.3,SC 4.1.2,SC 2.4.4
W02,tangan,S1,0.8499386670301213,0.5647016209363397,0.0025,0.2499468703628847,0.470275195764,16,24,20,26,,SC 1.4.3,SC 4.1.2,SC 2.4.4
W08,tangan,S1,0.7765026577620283,0.5159105315584535,0.002799947693,0.3570735552647546,0.46825943867,17,3,7,22,,SC 1.3.1,SC 1.1.1,SC 1.4.3
W06,tangan,S1,0.7982145290990869,0.530335959431314,0.002599976897,0.2856537412351527,0.456931293972,18,14,19,17,,SC 4.1.2,SC 1.4.3,SC 2.4.4
W05,tangan,S1,0.8499386670301213,0.5647016209363397,0.002300129437,0.1785628546716544,0.448859991057,19,9,18,28,,SC 4.1.2,SC 2.4.4,SC 1.3.1
W09,tangan,S1,0.6799509336240972,0.4517612967490719,0.002899772514,0.3927261120078816,0.434050741327,20,5,11,24,,SC 4.1.2,SC 2.4.4,SC 1.3.1
W15,tangan,S1,0.4827586206896551,0.3207461740469075,0.0033,0.5356678474583676,0.38522267607,21,29,23,18,,SC 1.3.1,SC 2.2.1,SC 1.4.3
W31,tangan,S1,0.7671800463404662,0.5097165625282984,0.001999787426,0.0712953386144764,0.378190195354,22,12,4,25,,SC 1.3.1,SC 4.1.2,SC 1.4.3
W20,tangan,S1,0.4361455635818455,0.2897763288961333,0.00250009023,0.2499790961175888,0.277837159063,23,18,10,14,,SC 1.4.3,SC 1.3.1,SC 1.1.1
W11,tangan,S1,0.1744582254327382,0.1159105315584533,0.0036,0.6428132138691737,0.273981336252,24,11,27,15,,SC 1.1.1,SC 4.1.2,SC 1.3.1
W32,tangan,S1,0.4361455635818455,0.2897763288961333,0.002399757447,0.2141451201257526,0.267086966265,25,4,22,11,,SC 1.4.3,SC 1.1.1,SC 1.3.1
W03,tangan,S1,0.2572168461223934,0.1708955899664946,0.002900046094,0.3928238214390239,0.237474059408,26,25,28,9,,SC 1.3.1,SC 1.4.3,SC 4.1.2
W10,tangan,S1,0.4641133978465313,0.3083582359865978,0.001800165153,0.0,0.215850765191,27,7,26,29,,SC 1.3.1,SC 1.4.3,SC 4.1.2
W12,tangan,S1,0.0,0.0,0.002599998381,0.2856614142719926,0.085698424282,28,21,29,27,,SC 1.3.1,SC 1.4.3,No dominant issue
W24,tangan,S1,0.0,0.0,0.002199780159,0.1427229874704215,0.042816896241,29,29,29,8,,SC 1.3.1,SC 3.1.1,No dominant issue
W16,tangan,S1,0.0,0.0,0.001900016324,0.0356619676778101,0.010698590303,30,28,23,30,,SC 1.3.1,SC 1.4.4,SC 3.1.1
W33,tangan,S2,1.0568352187542591,0.702164266956443,0.004600099579,1.0,0.851082133478,1,15,13,1,,SC 4.1.2,SC 2.4.4,SC 1.1.1
W13,tangan,S2,1.5051110808232249,1.0,0.003600009721,0.6428166857361967,0.821408342868,2,1,1,13,,SC 1.3.1,SC 4.1.2,SC 1.1.1
W23,tangan,S2,0.8499386670301213,0.5647016209363397,0.003799937821,0.7142212508372509,0.639461435887,3,20,12,10,,SC 1.4.3,SC 4.1.2,SC 2.4.4
W14,tangan,S2,0.4361455635818455,0.2897763288961333,0.004399904304,0.9285000130213764,0.609138170959,4,27,25,2,,SC 1.3.1,SC 4.1.2,SC 1.4.3
W01,tangan,S2,0.8499386670301213,0.5647016209363397,0.003299987056,0.5356632244929582,0.550182422715,5,2,3,5,,SC 1.4.3,SC 1.1.1,SC 4.1.2
W27,tangan,S2,0.8499386670301213,0.5647016209363397,0.003299984825,0.5356624276885833,0.550182024312,6,17,21,7,,SC 4.1.2,SC 2.4.4,SC 1.3.1
W29,tangan,S2,1.0568352187542591,0.702164266956443,0.002800368911,0.3572239937879173,0.529694130372,7,26,6,6,,SC 1.4.3,SC 4.1.2,SC 2.4.4
W17,tangan,S2,0.8499386670301213,0.5647016209363397,0.003100043034,0.4642529728301573,0.514477296883,8,19,2,19,,SC 1.4.3,SC 1.3.1,SC 4.1.2
W19,tangan,S2,0.8499386670301213,0.5647016209363397,0.003000018294,0.4285290147720052,0.496615317854,9,23,5,3,,SC 4.1.2,SC 2.4.4,SC 1.4.3
W18,tangan,S2,0.8499386670301213,0.5647016209363397,0.002999981731,0.4285159562518984,0.496608788594,10,6,17,4,,SC 4.1.2,SC 2.4.4,SC 1.3.1
W25,tangan,S2,0.8499386670301213,0.5647016209363397,0.002999811995,0.428455334832188,0.496578477884,11,8,9,16,,SC 1.3.1,SC 1.4.3,SC 4.1.2
W34,tangan,S2,0.9740765980646042,0.6471792085484017,0.002700076058,0.3214042788443503,0.484291743696,12,13,8,12,,SC 1.4.3,SC 1.1.1,SC 4.1.2
W04,tangan,S2,0.8499386670301213,0.5647016209363397,0.002900036284,0.3928203177855424,0.478760969361,13,22,14,20,,SC 4.1.2,SC 2.4.4,SC 1.4.3
W22,tangan,S2,0.8499386670301213,0.5647016209363397,0.002800028694,0.3571024848708367,0.460902052904,14,16,14,23,,SC 1.4.3,SC 1.3.1,SC 4.1.2
W08,tangan,S2,0.7765026577620283,0.5159105315584535,0.002799947693,0.3570735552647546,0.436492043412,15,3,7,22,,SC 1.3.1,SC 1.1.1,SC 1.4.3
W15,tangan,S2,0.4827586206896551,0.3207461740469075,0.0033,0.5356678474583676,0.428207010753,16,29,23,18,,SC 1.3.1,SC 2.2.1,SC 1.4.3
W21,tangan,S2,0.8499386670301213,0.5647016209363397,0.002600051074,0.2856802336413003,0.425190927289,17,10,14,21,,SC 1.4.3,SC 4.1.2,SC 2.4.4
W09,tangan,S2,0.6799509336240972,0.4517612967490719,0.002899772514,0.3927261120078816,0.422243704378,18,5,11,24,,SC 4.1.2,SC 2.4.4,SC 1.3.1
W06,tangan,S2,0.7982145290990869,0.530335959431314,0.002599976897,0.2856537412351527,0.407994850333,19,14,19,17,,SC 4.1.2,SC 1.4.3,SC 2.4.4
W02,tangan,S2,0.8499386670301213,0.5647016209363397,0.0025,0.2499468703628847,0.40732424565,20,24,20,26,,SC 1.4.3,SC 4.1.2,SC 2.4.4
W11,tangan,S2,0.1744582254327382,0.1159105315584533,0.0036,0.6428132138691737,0.379361872714,21,11,27,15,,SC 1.1.1,SC 4.1.2,SC 1.3.1
W05,tangan,S2,0.8499386670301213,0.5647016209363397,0.002300129437,0.1785628546716544,0.371632237804,22,9,18,28,,SC 4.1.2,SC 2.4.4,SC 1.3.1
W31,tangan,S2,0.7671800463404662,0.5097165625282984,0.001999787426,0.0712953386144764,0.290505950571,23,12,4,25,,SC 1.3.1,SC 4.1.2,SC 1.4.3
W03,tangan,S2,0.2572168461223934,0.1708955899664946,0.002900046094,0.3928238214390239,0.281859705703,24,25,28,9,,SC 1.3.1,SC 1.4.3,SC 4.1.2
W20,tangan,S2,0.4361455635818455,0.2897763288961333,0.00250009023,0.2499790961175888,0.269877712507,25,18,10,14,,SC 1.4.3,SC 1.3.1,SC 1.1.1
W32,tangan,S2,0.4361455635818455,0.2897763288961333,0.002399757447,0.2141451201257526,0.251960724511,26,4,22,11,,SC 1.4.3,SC 1.1.1,SC 1.3.1
W10,tangan,S2,0.4641133978465313,0.3083582359865978,0.001800165153,0.0,0.154179117993,27,7,26,29,,SC 1.3.1,SC 1.4.3,SC 4.1.2
W12,tangan,S2,0.0,0.0,0.002599998381,0.2856614142719926,0.142830707136,28,21,29,27,,SC 1.3.1,SC 1.4.3,No dominant issue
W24,tangan,S2,0.0,0.0,0.002199780159,0.1427229874704215,0.071361493735,29,29,29,8,,SC 1.3.1,SC 3.1.1,No dominant issue
W16,tangan,S2,0.0,0.0,0.001900016324,0.0356619676778101,0.017830983839,30,28,23,30,,SC 1.3.1,SC 1.4.4,SC 3.1.1
W33,tangan,S3,1.0568352187542591,0.702164266956443,0.004600099579,1.0,0.910649280087,1,15,13,1,,SC 4.1.2,SC 2.4.4,SC 1.1.1
W13,tangan,S3,1.5051110808232249,1.0,0.003600009721,0.6428166857361967,0.749971680015,2,1,1,13,,SC 1.3.1,SC 4.1.2,SC 1.1.1
W14,tangan,S3,0.4361455635818455,0.2897763288961333,0.004399904304,0.9285000130213764,0.736882907784,3,27,25,2,,SC 1.3.1,SC 4.1.2,SC 1.4.3
W23,tangan,S3,0.8499386670301213,0.5647016209363397,0.003799937821,0.7142212508372509,0.669365361867,4,20,12,10,,SC 1.4.3,SC 4.1.2,SC 2.4.4
W01,tangan,S3,0.8499386670301213,0.5647016209363397,0.003299987056,0.5356632244929582,0.544374743426,5,2,3,5,,SC 1.4.3,SC 1.1.1,SC 4.1.2
W27,tangan,S3,0.8499386670301213,0.5647016209363397,0.003299984825,0.5356624276885833,0.544374185663,6,17,21,7,,SC 4.1.2,SC 2.4.4,SC 1.3.1
W17,tangan,S3,0.8499386670301213,0.5647016209363397,0.003100043034,0.4642529728301573,0.494387567262,7,19,2,19,,SC 1.4.3,SC 1.3.1,SC 4.1.2
W11,tangan,S3,0.1744582254327382,0.1159105315584533,0.0036,0.6428132138691737,0.484742409176,8,11,27,15,,SC 1.1.1,SC 4.1.2,SC 1.3.1
W15,tangan,S3,0.4827586206896551,0.3207461740469075,0.0033,0.5356678474583676,0.471191345435,9,29,23,18,,SC 1.3.1,SC 2.2.1,SC 1.4.3
W19,tangan,S3,0.8499386670301213,0.5647016209363397,0.003000018294,0.4285290147720052,0.469380796621,10,23,5,3,,SC 4.1.2,SC 2.4.4,SC 1.4.3
W18,tangan,S3,0.8499386670301213,0.5647016209363397,0.002999981731,0.4285159562518984,0.469371655657,11,6,17,4,,SC 4.1.2,SC 2.4.4,SC 1.3.1
W25,tangan,S3,0.8499386670301213,0.5647016209363397,0.002999811995,0.428455334832188,0.469329220663,12,8,9,16,,SC 1.3.1,SC 1.4.3,SC 4.1.2
W29,tangan,S3,1.0568352187542591,0.702164266956443,0.002800368911,0.3572239937879173,0.460706075738,13,26,6,6,,SC 1.4.3,SC 4.1.2,SC 2.4.4
W04,tangan,S3,0.8499386670301213,0.5647016209363397,0.002900036284,0.3928203177855424,0.444384708731,14,22,14,20,,SC 4.1.2,SC 2.4.4,SC 1.4.3
W22,tangan,S3,0.8499386670301213,0.5647016209363397,0.002800028694,0.3571024848708367,0.41938222569,15,16,14,23,,SC 1.4.3,SC 1.3.1,SC 4.1.2
W34,tangan,S3,0.9740765980646042,0.6471792085484017,0.002700076058,0.3214042788443503,0.419136757756,16,13,8,12,,SC 1.4.3,SC 1.1.1,SC 4.1.2
W09,tangan,S3,0.6799509336240972,0.4517612967490719,0.002899772514,0.3927261120078816,0.41043666743,17,5,11,24,,SC 4.1.2,SC 2.4.4,SC 1.3.1
W08,tangan,S3,0.7765026577620283,0.5159105315584535,0.002799947693,0.3570735552647546,0.404724648153,18,3,7,22,,SC 1.3.1,SC 1.1.1,SC 1.4.3
W21,tangan,S3,0.8499386670301213,0.5647016209363397,0.002600051074,0.2856802336413003,0.36938664983,19,10,14,21,,SC 1.4.3,SC 4.1.2,SC 2.4.4
W06,tangan,S3,0.7982145290990869,0.530335959431314,0.002599976897,0.2856537412351527,0.359058406694,20,14,19,17,,SC 4.1.2,SC 1.4.3,SC 2.4.4
W02,tangan,S3,0.8499386670301213,0.5647016209363397,0.0025,0.2499468703628847,0.344373295535,21,24,20,26,,SC 1.4.3,SC 4.1.2,SC 2.4.4
W03,tangan,S3,0.2572168461223934,0.1708955899664946,0.002900046094,0.3928238214390239,0.326245351997,22,25,28,9,,SC 1.3.1,SC 1.4.3,SC 4.1.2
W05,tangan,S3,0.8499386670301213,0.5647016209363397,0.002300129437,0.1785628546716544,0.294404484551,23,9,18,28,,SC 4.1.2,SC 2.4.4,SC 1.3.1
W20,tangan,S3,0.4361455635818455,0.2897763288961333,0.00250009023,0.2499790961175888,0.261918265951,24,18,10,14,,SC 1.4.3,SC 1.3.1,SC 1.1.1
W32,tangan,S3,0.4361455635818455,0.2897763288961333,0.002399757447,0.2141451201257526,0.236834482757,25,4,22,11,,SC 1.4.3,SC 1.1.1,SC 1.3.1
W31,tangan,S3,0.7671800463404662,0.5097165625282984,0.001999787426,0.0712953386144764,0.202821705789,26,12,4,25,,SC 1.3.1,SC 4.1.2,SC 1.4.3
W12,tangan,S3,0.0,0.0,0.002599998381,0.2856614142719926,0.19996298999,27,21,29,27,,SC 1.3.1,SC 1.4.3,No dominant issue
W24,tangan,S3,0.0,0.0,0.002199780159,0.1427229874704215,0.099906091229,28,29,29,8,,SC 1.3.1,SC 3.1.1,No dominant issue
W10,tangan,S3,0.4641133978465313,0.3083582359865978,0.001800165153,0.0,0.092507470796,29,7,26,29,,SC 1.3.1,SC 1.4.3,SC 4.1.2
W16,tangan,S3,0.0,0.0,0.001900016324,0.0356619676778101,0.024963377374,30,28,23,30,,SC 1.3.1,SC 1.4.4,SC 3.1.1
