page_id,website_id,page_url,page_type,selection_reason,http_status,render_status,tested_at
P001,W01,https://dinsos.acehprov.go.id/,Homepage,"Auto-dipilih (link: ""(homepage)"", keyword: ) - REVIEW",,,
P002,W01,https://dinsos.acehprov.go.id/halaman/visi-dan-misi,Profil,"Auto-dipilih (link: ""VISI-MISI"", keyword: visi) - REVIEW",,,
P003,W01,https://dinsos.acehprov.go.id/halaman/sarana-layanan-ppid,Layanan,"Auto-dipilih (link: ""SARANA LAYANAN PPID"", keyword: layanan) - REVIEW",,,
P004,W01,https://dinsos.acehprov.go.id/berita,Konten,"Auto-dipilih (link: ""BERITA"", keyword: berita) - REVIEW",,,
P005,W01,https://dinsos.acehprov.go.id/halaman/formulir-permohonan-informasi-publik,Interaksi/Kontak,"Auto-dipilih (link: ""FORMULIR PERMOHONAN INFORMASI PUBLIK"", keyword: formulir) - REVIEW",,,
P006,W02,https://dinsos.sumutprov.go.id/,Homepage,"Auto-dipilih (link: ""(homepage)"", keyword: ) - REVIEW",,,
P007,W02,https://dinsos.sumutprov.go.id/pages/tugas-dan-fungsi,Profil,"Auto-dipilih (link: ""Tugas dan Fungsi"", keyword: tugas dan fungsi) - REVIEW",,,
P008,W02,https://dinsos.sumutprov.go.id/pages/maklumat-pelayanan,Layanan,"Auto-dipilih (link: ""Maklumat Pelayanan"", keyword: layanan) - REVIEW",,,
P009,W02,https://dinsos.sumutprov.go.id/news,Konten,"Auto-dipilih (link: ""Berita"", keyword: berita) - REVIEW",,,
P010,W02,https://dinsos.sumutprov.go.id/pages/kontak,Interaksi/Kontak,"Auto-dipilih (link: ""Kontak"", keyword: kontak) - REVIEW",,,
P011,W03,https://dinsos.sumbarprov.go.id/,Homepage,"Auto-dipilih (link: ""(homepage)"", keyword: ) - REVIEW",,,
P012,W03,https://dinsos.sumbarprov.go.id/profil,Profil,"Auto-dipilih (link: ""Profil"", keyword: profil) - REVIEW",,,
P013,W03,https://dinsos.sumbarprov.go.id/permohonanInformasi,Layanan,"Auto-dipilih (link: ""Permohonan Informasi"", keyword: permohonan) - REVIEW",,,
P014,W03,https://dinsos.sumbarprov.go.id/berita,Konten,"Auto-dipilih (link: ""Berita"", keyword: berita) - REVIEW",,,
P015,W03,https://dinsos.sumbarprov.go.id/pengumuman/mekanisme-konsultasi-dan-pengaduan,Interaksi/Kontak,"Auto-dipilih (link: ""Baca Selengkapnya"", keyword: pengaduan) - REVIEW",,,
P016,W04,https://dinsos.riau.go.id/,Homepage,"Auto-dipilih (link: ""(homepage)"", keyword: ) - REVIEW",,,
P017,W04,https://dinsos.riau.go.id/profil,Profil,"Auto-dipilih (link: ""Profil"", keyword: profil) - REVIEW",,,
P018,W04,https://dinsos.riau.go.id/berita/19,Layanan,"Auto-dipilih (link: ""Maklumat Layanan Informasi"", keyword: layanan) - REVIEW",,,
P019,W04,https://dinsos.riau.go.id/berita,Konten,"Auto-dipilih (link: ""Berita"", keyword: berita) - REVIEW",,,
P020,W04,https://dinsos.riau.go.id/ppid/daftar-informasi/pengaduan-monitoring-pkh,Interaksi/Kontak,"Auto-dipilih (link: ""11. Pengaduan Masyarakat, Monitoring dan Evaluasi Program Keluarga Harapan (PKH)"", keyword: pengaduan) - REVIEW",,,
P021,W05,https://dinsosjambipemprov.com/,Homepage,"Auto-dipilih (link: ""(homepage)"", keyword: ) - REVIEW",,,
P022,W05,https://dinsosjambipemprov.com/profile/,Profil,PERLU CEK MANUAL - tidak ketemu di requests maupun Selenium,,,
P023,W05,https://dinsosjambipemprov.com/layanan/,Layanan,PERLU CEK MANUAL - tidak ketemu di requests maupun Selenium,,,
P024,W05,https://dinsosjambipemprov.com/berita/,Konten,PERLU CEK MANUAL - tidak ketemu di requests maupun Selenium,,,
P025,W05,https://dinsosjambipemprov.com/berita/#,Interaksi/Kontak,PERLU CEK MANUAL - tidak ketemu di requests maupun Selenium,,,
P026,W06,https://dinsos.sumselprov.go.id/,Homepage,"Auto-dipilih (link: ""(homepage)"", keyword: ) - REVIEW",,,
P027,W06,https://dinsos.sumselprov.go.id/profil/struktur-organisasi,Profil,"Auto-dipilih (link: ""Struktur Organisasi"", keyword: profil) - REVIEW",,,
P028,W06,https://dinsos.sumselprov.go.id/layanan/rekomendasi-izin-undian-gratis,Layanan,"Auto-dipilih (link: ""Rekomendasi Izin Undian Gratis (Provinsi)"", keyword: layanan) - REVIEW",,,
P029,W06,https://dinsos.sumselprov.go.id/berita,Konten,"Auto-dipilih (link: ""berita"", keyword: berita) - REVIEW",,,
P030,W06,https://dinsos.sumselprov.go.id/layanan/pengaduan-masyarakat,Interaksi/Kontak,"Auto-dipilih (link: ""Pengaduan Masyarakat"", keyword: pengaduan) - REVIEW",,,
P031,W07,https://dinsos.bengkuluprov.go.id/,Homepage,"Auto-dipilih (link: ""(homepage)"", keyword: ) - REVIEW",,,
P032,W07,https://dinsos.bengkuluprov.go.id/profil/,Profil,"Auto-dipilih (link: ""Profil"", keyword: profil) - REVIEW",,,
P033,W07,,Layanan,PERLU CEK MANUAL - tidak ketemu di requests maupun Selenium,,,
P034,W07,https://dinsos.bengkuluprov.go.id/informasi-berkala/,Konten,"Auto-dipilih (link: ""Informasi Berkala"", keyword: informasi) - REVIEW",,,
P035,W07,https://dinsos.bengkuluprov.go.id/kontak-kami/,Interaksi/Kontak,"Auto-dipilih (link: ""Kontak Kami"", keyword: kontak) - REVIEW",,,
P036,W08,https://lampungprov.go.id/,Homepage,"Auto-dipilih (link: ""(homepage)"", keyword: ) - REVIEW",,,
P037,W08,https://opendata.lampungprov.go.id/,Profil,PERLU CEK MANUAL - tidak ketemu di requests maupun Selenium,,,
P038,W08,https://lampungprov.go.id/layanan-publik,Layanan,"Auto-dipilih (link: ""Layanan Publik"", keyword: layanan) - REVIEW",,,
P039,W08,https://ppid.lampungprov.go.id/,Konten,PERLU CEK MANUAL - tidak ketemu di requests maupun Selenium,,,
P040,W08,https://lampungprov.go.id/,Interaksi/Kontak,ada tombol dibawah,,,
P041,W09,https://drupal.dinsospmd.babelprov.go.id,Homepage,"Auto-dipilih (link: ""(homepage)"", keyword: ) - REVIEW",,,
P042,W09,https://drupal.dinsospmd.babelprov.go.id/bahas-realisasi-anggaran-tahun-2025-kepala-dinas-sosial-pmd-mengikuti-rapat-kerja-dengan-komisi-iv,Profil,"Auto-dipilih (link: """", keyword: misi) - REVIEW",,,
P043,W09,https://drupal.dinsospmd.babelprov.go.id/silahturahmi-dengan-pegawai-plt-kepala-dinsospmd-ajak-pegawai-untuk-berikan-layanan-publik-yang-baik,Layanan,"Auto-dipilih (link: """", keyword: layanan) - REVIEW",,,
P044,W09,https://drupal.dinsospmd.babelprov.go.id/berita,Konten,"Auto-dipilih (link: ""more"", keyword: berita) - REVIEW",,,
P045,W09,https://drupal.dinsospmd.babelprov.go.id/kanal-layanan-pengaduan,Interaksi/Kontak,"Auto-dipilih (link: """", keyword: pengaduan) - REVIEW",,,
P046,W10,https://dinsos.kepriprov.go.id/,Homepage,"Auto-dipilih (link: ""(homepage)"", keyword: ) - REVIEW",,,
P047,W10,https://dinsos.kepriprov.go.id/laman/tentang-kami,Profil,"Auto-dipilih (link: ""Profil"", keyword: profil) - REVIEW",,,
P048,W10,https://dinsos.kepriprov.go.id/layanan,Layanan,"Auto-dipilih (link: ""Layanan"", keyword: layanan) - REVIEW",,,
P049,W10,https://dinsos.kepriprov.go.id/berita,Konten,"Auto-dipilih (link: ""Berita"", keyword: berita) - REVIEW",,,
P050,W10,https://dinsos.kepriprov.go.id/kontak,Interaksi/Kontak,"Auto-dipilih (link: ""Kontak Kami"", keyword: kontak) - REVIEW",,,
P051,W11,https://dinsos.jakarta.go.id/,Homepage,"Auto-dipilih (link: ""(homepage)"", keyword: ) - REVIEW",,,
P052,W11,https://dinsos.jakarta.go.id/profile,Profil,"Auto-dipilih (link: ""Profil Kepala Dinas"", keyword: profil) - REVIEW",,,
P053,W11,https://dinsos.jakarta.go.id/asset-frontend/file/Alur-PPID.pdf,Layanan,"Auto-dipilih (link: ""Tata Cara Permohonan Pengajuan Informasi dan Permohonan Keberatan"", keyword: permohonan) - REVIEW",,,
P054,W11,https://dinsos.jakarta.go.id/asset-frontend/file/Alur-PPID.pdf,Konten,"Auto-dipilih (link: ""Tata Cara Permohonan Pengajuan Informasi dan Permohonan Keberatan"", keyword: informasi) - REVIEW",,,
P055,W11,https://dinsos.jakarta.go.id/,Interaksi/Kontak,di footer,,,
P056,W12,https://dinsos.jabarprov.go.id/,Homepage,"Auto-dipilih (link: ""(homepage)"", keyword: ) - REVIEW",,,
P057,W12,https://dinsos.jabarprov.go.id/visi-misi,Profil,"Auto-dipilih (link: ""Visi Misi"", keyword: visi) - REVIEW",,,
P058,W12,https://dinsos.jabarprov.go.id/sasaran-program-dinsos-jabar,Layanan,"Auto-dipilih (link: ""Sasaran Program"", keyword: program) - REVIEW",,,
P059,W12,https://dinsos.jabarprov.go.id/sop-pelayanan-informasi,Konten,"Auto-dipilih (link: ""Prosedur Pelayanan Informasi"", keyword: informasi) - REVIEW",,,
P060,W12,https://dinsos.jabarprov.go.id/pengaduan,Interaksi/Kontak,"Auto-dipilih (link: ""Pengaduan"", keyword: pengaduan) - REVIEW",,,
P061,W13,https://jatengprov.go.id/,Homepage,"Auto-dipilih (link: ""(homepage)"", keyword: ) - REVIEW",,,
P062,W13,https://jatengprov.go.id/sejarah/,Profil,"Auto-dipilih (link: ""Sejarah"", keyword: sejarah) - REVIEW",,,
P063,W13,https://jatengprov.go.id/katalog-layanan-jatengprov/,Layanan,"Auto-dipilih (link: ""Katalog Layanan"", keyword: layanan) - REVIEW",,,
P064,W13,https://jatengprov.go.id,Konten,"Auto-dipilih (link: ""JATENGPROV.GO.IDPortal Informasi Warga Jateng"", keyword: informasi) - REVIEW",,,
P065,W13,https://jatengprov.go.id,Interaksi/Kontak,di foooter,,,
P066,W14,https://dinsos.jogjaprov.go.id/,Homepage,"Auto-dipilih (link: ""(homepage)"", keyword: ) - REVIEW",,,
P067,W14,https://dinsos.jogjaprov.go.id/#,Profil,PERLU CEK MANUAL - tidak ketemu di requests maupun Selenium,,,
P068,W14,https://dinsos.jogjaprov.go.id/layanan,Layanan,"Auto-dipilih (link: ""Lihat Semua Layanan"", keyword: layanan) - REVIEW",,,
P069,W14,https://dinsos.jogjaprov.go.id/informasi,Konten,"Auto-dipilih (link: ""Lihat Semua Informasi"", keyword: informasi) - REVIEW",,,
P070,W14,https://dinsos.jogjaprov.go.id/#,Interaksi/Kontak,PERLU CEK MANUAL - tidak ketemu di requests maupun Selenium,,,
P071,W15,https://dinsos.jatimprov.go.id/,Homepage,"Auto-dipilih (link: ""(homepage)"", keyword: ) - REVIEW",,,
P072,W15,https://dinsos.jatimprov.go.id/profil,Profil,"Auto-dipilih (link: ""Provinsi"", keyword: profil) - REVIEW",,,
P073,W15,https://dinsos.jatimprov.go.id/menu/layanan,Layanan,"Auto-dipilih (link: ""Layanan"", keyword: layanan) - REVIEW",,,
P074,W15,https://dinsos.jatimprov.go.id/list-kegiatan,Konten,"Auto-dipilih (link: ""Kegiatan"", keyword: kegiatan) - REVIEW",,,
P075,W15,https://dinsos.jatimprov.go.id/laporan-publik,Interaksi/Kontak,"Auto-dipilih (link: ""Layanan Pengaduan"", keyword: pengaduan) - REVIEW",,,
P076,W16,https://dinsos.bantenprov.go.id/,Homepage,"Auto-dipilih (link: ""(homepage)"", keyword: ) - REVIEW",,,
P077,W16,https://dinsos.bantenprov.go.id/sejarah-banten,Profil,"Auto-dipilih (link: ""Sejarah Banten"", keyword: sejarah) - REVIEW",,,
P078,W16,https://dinsos.bantenprov.go.id/kebijakan-pelayanan-informasi-publik,Layanan,"Auto-dipilih (link: ""Kebijakan Pelayanan Informasi Publik"", keyword: layanan) - REVIEW",,,
P079,W16,https://dinsos.bantenprov.go.id/kategori/9fcd9da3-756c-46af-ba9f-bfb06ac57533/artikel,Konten,"Auto-dipilih (link: ""Artikel"", keyword: artikel) - REVIEW",,,
P080,W16,https://dinsos.bantenprov.go.id/tata-cara-pengaduan,Interaksi/Kontak,"Auto-dipilih (link: ""Tata Cara Pengaduan"", keyword: pengaduan) - REVIEW",,,
P081,W17,https://dissosp3a.baliprov.go.id/,Homepage,"Auto-dipilih (link: ""(homepage)"", keyword: ) - REVIEW",,,
P082,W17,https://dissosp3a.baliprov.go.id/profil-perangkat-daerah/,Profil,PERLU CEK MANUAL - tidak ketemu di requests maupun Selenium,,,
P083,W17,https://dissosp3a.baliprov.go.id/maklumat-pelayanan/,Layanan,PERLU CEK MANUAL - tidak ketemu di requests maupun Selenium,,,
P084,W17,https://dissosp3a.baliprov.go.id/berita/,Konten,PERLU CEK MANUAL - tidak ketemu di requests maupun Selenium,,,
P085,W17,https://dissosp3a.baliprov.go.id/,Interaksi/Kontak,di footer,,,
P086,W18,https://dinsosntbpemprov.com/,Homepage,"Auto-dipilih (link: ""(homepage)"", keyword: ) - REVIEW",,,
P087,W18,https://dinsosntbpemprov.com/profile/,Profil,"Auto-dipilih (link: ""Profil Kepala Dinas"", keyword: profil) - REVIEW",,,
P088,W18,https://dinsosntbpemprov.com/tata-cara-permohonan-pengajuan-informasi-dan-permohonan-keberatan/,Layanan,"Auto-dipilih (link: ""Tata Cara Permohonan Pengajuan Informasi dan Permohonan Keberatan"", keyword: permohonan) - REVIEW",,,
P089,W18,https://dinsosntbpemprov.com/tata-cara-permohonan-pengajuan-informasi-dan-permohonan-keberatan/,Konten,"Auto-dipilih (link: ""Tata Cara Permohonan Pengajuan Informasi dan Permohonan Keberatan"", keyword: informasi) - REVIEW",,,
P090,W18,https://dinsosntbpemprov.com/,Interaksi/Kontak,footer,,,
P091,W19,https://dinsos.nttprov.go.id/,Homepage,"Auto-dipilih (link: ""(homepage)"", keyword: ) - REVIEW",,,
P092,W19,https://dinsos.nttprov.go.id/profil-dinas,Profil,"Auto-dipilih (link: ""Profil"", keyword: profil) - REVIEW",,,
P093,W19,https://dinsos.nttprov.go.id/layanan/pengaduan,Layanan,"Auto-dipilih (link: ""Pengaduan"", keyword: layanan) - REVIEW",,,
P094,W19,https://dinsos.nttprov.go.id/berita,Konten,"Auto-dipilih (link: ""Berita"", keyword: berita) - REVIEW",,,
P095,W19,https://dinsos.nttprov.go.id/kontak,Interaksi/Kontak,"Auto-dipilih (link: ""Kontak"", keyword: kontak) - REVIEW",,,
P096,W20,https://dinsos.kalbarprov.go.id/,Homepage,"Auto-dipilih (link: ""(homepage)"", keyword: ) - REVIEW",,,
P097,W20,https://dinsos.kalbarprov.go.id/profil/struktur-organisasi/,Profil,"Auto-dipilih (link: ""Struktur Organisasi"", keyword: profil) - REVIEW",,,
P098,W20,https://dinsos.kalbarprov.go.id/infografis/perbaiki-layanan-publik/,Layanan,"Auto-dipilih (link: ""Perbaiki Layanan Publik"", keyword: layanan) - REVIEW",,,
P099,W20,https://dinsos.kalbarprov.go.id/berita,Konten,"Auto-dipilih (link: ""Berita"", keyword: berita) - REVIEW",,,
P100,W20,https://dinsos.kalbarprov.go.id/hubungi-kami,Interaksi/Kontak,"Auto-dipilih (link: ""Hubungi Kami"", keyword: hubungi) - REVIEW",,,
P101,W21,https://dinsos.kalteng.go.id/,Homepage,"Auto-dipilih (link: ""(homepage)"", keyword: ) - REVIEW",,,
P102,W21,https://dinsos.kalteng.go.id/tentang/visi,Profil,"Auto-dipilih (link: ""Visi Dinas Sosial"", keyword: tentang) - REVIEW",,,
P103,W21,https://dinsos.kalteng.go.id/pelayanan/pmks,Layanan,"Auto-dipilih (link: ""PMKS"", keyword: layanan) - REVIEW",,,
P104,W21,https://dinsos.kalteng.go.id/kabar/kategori/artikel,Konten,"Auto-dipilih (link: ""Artikel"", keyword: artikel) - REVIEW",,,
P105,W21,https://dinsos.kalteng.go.id/kontak-kami,Interaksi/Kontak,"Auto-dipilih (link: ""Kontak"", keyword: kontak) - REVIEW",,,
P106,W22,https://dinsos.kalselprov.go.id/,Homepage,"Auto-dipilih (link: ""(homepage)"", keyword: ) - REVIEW",,,
P107,W22,https://dinsos.kalselprov.go.id/user/profil/VISI-DAN-MISI,Profil,"Auto-dipilih (link: ""VISI DAN MISI"", keyword: profil) - REVIEW",,,
P108,W22,https://dinsos.kalselprov.go.id/user/layanan/Pengangkatan-Anak,Layanan,"Auto-dipilih (link: ""Standar Pelayanan Pengangkatan Anak"", keyword: layanan) - REVIEW",,,
P109,W22,https://dinsos.kalselprov.go.id/user/berita?page=1,Konten,"Auto-dipilih (link: ""INFORMASI"", keyword: berita) - REVIEW",,,
P110,W22,https://dinsos.kalselprov.go.id/user/kontak,Interaksi/Kontak,"Auto-dipilih (link: ""KONTAK KAMI"", keyword: kontak) - REVIEW",,,
P111,W23,https://dinsos.kaltimprov.go.id/,Homepage,"Auto-dipilih (link: ""(homepage)"", keyword: ) - REVIEW",,,
P112,W23,https://dinsos.kaltimprov.go.id/profil-dinsos,Profil,"Auto-dipilih (link: ""Tentang"", keyword: profil) - REVIEW",,,
P113,W23,https://dinsos.kaltimprov.go.id/maklumat-pelayanan-2,Layanan,"Auto-dipilih (link: ""Maklumat Pelayanan"", keyword: layanan) - REVIEW",,,
P114,W23,https://dinsos.kaltimprov.go.id/berita,Konten,"Auto-dipilih (link: ""Media Center"", keyword: berita) - REVIEW",,,
P115,W23,https://dinsos.kaltimprov.go.id/kontak,Interaksi/Kontak,"Auto-dipilih (link: ""Kontak"", keyword: kontak) - REVIEW",,,
P116,W24,https://dinsos.kaltaraprov.go.id/,Homepage,"Auto-dipilih (link: ""(homepage)"", keyword: ) - REVIEW",,,
P117,W24,https://dinsos.kaltaraprov.go.id/Profil,Profil,"Auto-dipilih (link: ""Profil"", keyword: profil) - REVIEW",,,
P118,W24,https://dinsos.kaltaraprov.go.id/pelayanan-pengaduan/,Layanan,"Auto-dipilih (link: ""Layanan"", keyword: layanan) - REVIEW",,,
P119,W24,https://dinsos.kaltaraprov.go.id/elementor-6083,Konten,"Auto-dipilih (link: ""Berita Kaltara"", keyword: berita) - REVIEW",,,
P120,W24,https://dinsos.kaltaraprov.go.id/pelayanan-pengaduan/,Interaksi/Kontak,"Auto-dipilih (link: ""Layanan"", keyword: pengaduan) - REVIEW",,,
P121,W25,https://sulutprov.go.id,Homepage,"Auto-dipilih (link: ""(homepage)"", keyword: ) - REVIEW",,,
P122,W25,https://sulutprov.go.id/profil,Profil,"Auto-dipilih (link: ""Profil"", keyword: profil) - REVIEW",,,
P123,W25,https://sulutprov.go.id/press-release/gubernur-yulius-pastikan-negara-hadir-bantuan-untuk-korban-kebakaran-asgap-pakowa-disalurkan,Layanan,"Auto-dipilih (link: ""30 Juli 2026Gubernur Yulius Pastikan Negara Hadir, Bantuan untuk Korban Kebakara"", keyword: bantuan) - REVIEW",,,
P124,W25,https://sulutprov.go.id/berita,Konten,"Auto-dipilih (link: ""Berita"", keyword: berita) - REVIEW",,,
P125,W25,https://sulutprov.go.id/profil,Interaksi/Kontak,email ada di footer,,,
P126,W26,https://sultengprov.go.id/,Homepage,"Auto-dipilih (link: ""(homepage)"", keyword: ) - REVIEW",,,
P127,W26,,Profil,PERLU CEK MANUAL - tidak ketemu di requests maupun Selenium,,,
P128,W26,,Layanan,PERLU CEK MANUAL - tidak ketemu di requests maupun Selenium,,,
P129,W26,,Konten,PERLU CEK MANUAL - tidak ketemu di requests maupun Selenium,,,
P130,W26,,Interaksi/Kontak,PERLU CEK MANUAL - tidak ketemu di requests maupun Selenium,,,
P131,W27,https://dinsossulselpemprov.com/,Homepage,"Auto-dipilih (link: ""(homepage)"", keyword: ) - REVIEW",,,
P132,W27,https://dinsossulselpemprov.com/profile/,Profil,"Auto-dipilih (link: ""Profil Kepala Dinas"", keyword: profil) - REVIEW",,,
P133,W27,https://dinsossulselpemprov.com/tata-cara-permohonan-pengajuan-informasi-dan-permohonan-keberatan/,Layanan,"Auto-dipilih (link: ""Tata Cara Permohonan Pengajuan Informasi dan Permohonan Keberatan"", keyword: permohonan) - REVIEW",,,
P134,W27,https://dinsossulselpemprov.com/tata-cara-permohonan-pengajuan-informasi-dan-permohonan-keberatan/,Konten,"Auto-dipilih (link: ""Tata Cara Permohonan Pengajuan Informasi dan Permohonan Keberatan"", keyword: informasi) - REVIEW",,,
P135,W27,,Interaksi/Kontak,PERLU CEK MANUAL - tidak ketemu di requests maupun Selenium,,,
P136,W28,https://dinsos.sultraprov.go.id/home,Homepage,Dipilih dari page_candidates.csv (requests) - link: (homepage),,,
P137,W28,https://dinsos.sultraprov.go.id/profil/sambutan,Profil,"Dipilih dari page_candidates.csv (requests) - link: Profil, keyword: profil",,,
P138,W28,,Layanan,PERLU CEK MANUAL - tidak ketemu di requests maupun Selenium,,,
P139,W28,https://dinsos.sultraprov.go.id/page/berita/0,Konten,"Dipilih dari page_candidates.csv (requests) - link: Berita, keyword: berita",,,
P140,W28,https://dinsos.sultraprov.go.id/page/contact_us,Interaksi/Kontak,"Dipilih dari page_candidates.csv (requests) - link: Kontak, keyword: kontak",,,
P141,W29,https://dinsos.gorontaloprov.go.id/,Homepage,"Auto-dipilih (link: ""(homepage)"", keyword: ) - REVIEW",,,
P142,W29,https://dinsos.gorontaloprov.go.id/struktur-organisasi-dinsos-dukcapil-provgorontalo-th-2025,Profil,"Auto-dipilih (link: ""Struktur Organisasi"", keyword: struktur) - REVIEW",,,
P143,W29,https://dinsos.gorontaloprov.go.id/layanan,Layanan,"Auto-dipilih (link: ""Lihat Layanan"", keyword: layanan) - REVIEW",,,
P144,W29,https://dinsos.gorontaloprov.go.id/berita,Konten,"Auto-dipilih (link: ""Berita Terbaru"", keyword: berita) - REVIEW",,,
P145,W29,https://dinsos.gorontaloprov.go.id/,Interaksi/Kontak,ada di footer,,,
P146,W30,https://dinsosp3apmd.sulbarprov.go.id/,Homepage,"Auto-dipilih (link: ""(homepage)"", keyword: ) - REVIEW",,,
P147,W30,https://dinsosp3apmd.sulbarprov.go.id/page/profil,Profil,"Auto-dipilih (link: ""PROFIL"", keyword: profil) - REVIEW",,,
P148,W30,https://dinsosp3apmd.sulbarprov.go.id/page/layanan,Layanan,"Auto-dipilih (link: ""Layanan"", keyword: layanan) - REVIEW",,,
P149,W30,https://dinsosp3apmd.sulbarprov.go.id/page/informasi-berkala,Konten,"Auto-dipilih (link: ""INFORMASI PUBLIK"", keyword: informasi) - REVIEW",,,
P150,W30,https://dinsosp3apmd.sulbarprov.go.id/,Interaksi/Kontak,ada di sidebarnya,,,
P151,W31,https://dinsos.malukuprov.go.id/,Homepage,"Auto-dipilih (link: ""(homepage)"", keyword: ) - REVIEW",,,
P152,W31,https://dinsos.malukuprov.go.id/,Profil,"Auto-dipilih (link: ""PROFIL"", keyword: profil) - REVIEW",,,
P153,W31,https://dinsos.malukuprov.go.id/halaman/detail/moto-pelayanan,Layanan,"Auto-dipilih (link: ""Motto dan Maklumat"", keyword: layanan) - REVIEW",,,
P154,W31,https://dinsos.malukuprov.go.id/berita,Konten,"Auto-dipilih (link: ""Berita & Kegiatan"", keyword: berita) - REVIEW",,,
P155,W31,https://dinsos.malukuprov.go.id/aduan,Interaksi/Kontak,"Auto-dipilih (link: ""Form Pengaduan internal"", keyword: pengaduan) - REVIEW",,,
P156,W32,https://malutprov.go.id/,Homepage,"Auto-dipilih (link: ""(homepage)"", keyword: ) - REVIEW",,,
P157,W32,https://malutprov.go.id/pages/tentang-maluku-utara,Profil,"Auto-dipilih (link: ""Tentang"", keyword: tentang) - REVIEW",,,
P158,W32,https://malutprov.go.id/sinergi-pemprov-malut-dan-ombudsman-ri-dorong-pelayanan-publik-bebas-maladministrasi,Layanan,"Auto-dipilih (link: ""Sekprov30 Jul 2026Sinergi Pemprov Malut dan Ombudsman RI Dorong Pelayanan Publik"", keyword: layanan) - REVIEW",,,
P159,W32,https://malutprov.go.id/pages/informasi-berkala,Konten,"Auto-dipilih (link: ""Informasi Berkala"", keyword: informasi) - REVIEW",,,
P160,W32,https://malutprov.go.id/kontak,Interaksi/Kontak,"Auto-dipilih (link: ""Hubungi Kami"", keyword: kontak) - REVIEW",,,
P161,W33,https://dinsosdukcapil.papua.go.id/,Homepage,"Auto-dipilih (link: ""(homepage)"", keyword: ) - REVIEW",,,
P162,W33,https://dinsosdukcapil.papua.go.id/pages/visi-misi,Profil,"Auto-dipilih (link: ""Visi Misi"", keyword: visi) - REVIEW",,,
P163,W33,https://dinsosdukcapil.papua.go.id/pages/sub-bagian-program,Layanan,"Auto-dipilih (link: ""Sub Bagian Program"", keyword: program) - REVIEW",,,
P164,W33,https://dinsosdukcapil.papua.go.id/pages/berita,Konten,"Auto-dipilih (link: ""Berita"", keyword: berita) - REVIEW",,,
P165,W33,https://dinsosdukcapil.papua.go.id/pages/layanan-pengaduan-masyarakat,Interaksi/Kontak,"Auto-dipilih (link: ""Layanan Pengaduan Masyarakat"", keyword: pengaduan) - REVIEW",,,
P166,W34,https://dinsos.papuabaratprov.go.id/,Homepage,"Auto-dipilih (link: ""(homepage)"", keyword: ) - REVIEW",,,
P167,W34,https://dinsos.papuabaratprov.go.id/pages/struktur-organisasi,Profil,"Auto-dipilih (link: ""Struktur Organisasi"", keyword: struktur) - REVIEW",,,
P168,W34,https://dinsos.papuabaratprov.go.id/cekstatus,Layanan,"Auto-dipilih (link: ""Cek Status Permohonan"", keyword: permohonan) - REVIEW",,,
P169,W34,https://dinsos.papuabaratprov.go.id/permintaaninformasi,Konten,"Auto-dipilih (link: ""Form Permintaan Informasi"", keyword: informasi) - REVIEW",,,
P170,W34,https://dinsos.papuabaratprov.go.id/pages/kontak,Interaksi/Kontak,"Auto-dipilih (link: ""Kontak"", keyword: kontak) - REVIEW",,,