website_id,category,technical_score,technical_norm,demographic_score,demographic_norm,scenario,final_score,rank,baseline_a_rank,baseline_b_rank,baseline_c_rank,top_issue_1,top_issue_2,top_issue_3,stability_status
W01,melihat,52.364999999999995,1.0,0.0059,0.8095238095238093,S1,0.9428571428571427,1,1,1,3,1.4.3,1.1.1,2.4.4,Robust
W32,melihat,31.339999999999996,0.5938375350140056,0.0054,0.6904761904761905,S1,0.6228291316526611,2,2,2,5,1.4.3,1.1.1,4.1.2,Cukup stabil
W33,melihat,18.855,0.35265140538974216,0.0067,1.0,S1,0.5468559837728195,3,10,12,1,4.1.2,2.4.4,1.1.1,Robust
W18,melihat,22.009999999999998,0.4135999227277118,0.006,0.8333333333333333,S1,0.5395199459093982,4,6,8,2,4.1.2,2.4.4,1.1.1,Sensitif
W06,melihat,25.5125,0.48126147010528353,0.0043,0.4285714285714285,S1,0.46545445764512694,5,7,3,12,4.1.2,1.4.3,2.4.4,Sensitif
W34,melihat,22.044999999999998,0.4142760552496861,0.0048,0.5476190476190474,S1,0.4542789529604945,6,8,7,9,1.4.3,4.1.2,1.1.1,Sensitif
W11,melihat,24.169999999999998,0.4553269583695547,0.0038,0.3095238095238095,S1,0.41158601371583114,7,12,6,18,1.1.1,4.1.2,1.4.3,Sensitif
W13,melihat,25.06,0.47252004249975854,0.0035,0.23809523809523805,S1,0.40219260117840233,8,3,4,22,1.1.1,4.1.2,1.4.3,Sensitif
W08,melihat,25.044999999999998,0.4722302714189124,0.0035,0.23809523809523805,S1,0.40198976142181003,9,5,5,22,1.1.1,1.4.3,4.1.2,Sensitif
W27,melihat,18.65,0.3486912006181783,0.0047,0.5238095238095237,S1,0.40122669757558194,10,14,13,10,4.1.2,2.4.4,1.1.1,Sensitif
W21,melihat,19.740000000000002,0.36974789915966394,0.0043,0.4285714285714285,S1,0.38739495798319323,11,10,10,12,1.4.3,2.4.4,4.1.2,Sensitif
W19,melihat,12.445,0.22882256350816194,0.0056,0.7380952380952379,S1,0.3816043658842847,12,18,19,4,4.1.2,1.4.3,2.4.4,Sensitif
W20,melihat,12.3,0.22602144305998267,0.0049,0.5714285714285713,S1,0.32964358157055923,13,22,20,8,1.4.3,4.1.2,1.1.1,Sensitif
W23,melihat,15.255,0.2831063459866706,0.0041,0.380952380952381,S1,0.3124601564763837,14,13,14,17,1.4.3,2.4.4,4.1.2,Sensitif
W09,melihat,20.11,0.3768955858205351,0.0031,0.1428571428571428,S1,0.3066840529315174,15,4,9,27,2.4.4,4.1.2,1.1.1,Sensitif
W31,melihat,13.709999999999999,0.253259924659519,0.0043,0.4285714285714285,S1,0.3058533758330918,16,20,16,12,4.1.2,1.4.3,1.1.1,Sensitif
W05,melihat,19.330000000000002,0.3618274896165363,0.0032,0.16666666666666666,S1,0.3032792427315754,17,9,11,26,4.1.2,2.4.4,1.1.1,Sensitif
W29,melihat,7.05,0.12460156476383658,0.0054,0.6904761904761905,S1,0.2943639524775427,18,24,24,5,1.4.3,4.1.2,2.4.4,Sensitif
W04,melihat,12.209999999999999,0.22428281657490584,0.0042,0.40476190476190466,S1,0.27842654303100545,19,15,21,16,4.1.2,2.4.4,1.4.3,Sensitif
W25,melihat,13.87,0.2563508161885444,0.0036,0.2619047619047618,S1,0.2580169999034096,20,16,15,21,1.4.3,4.1.2,2.4.4,Sensitif
W22,melihat,13.169999999999998,0.24282816574905824,0.0037,0.2857142857142857,S1,0.25569400173862644,21,17,18,20,1.4.3,4.1.2,2.4.4,Sensitif
W10,melihat,13.425,0.24775427412344253,0.0031,0.1428571428571428,S1,0.2162851347435526,22,19,17,27,1.4.3,4.1.2,2.4.4,Sensitif
W02,melihat,9.665000000000001,0.17511832319134554,0.0038,0.3095238095238095,S1,0.2154399690910847,23,23,23,18,4.1.2,1.4.3,2.4.4,Sensitif
W17,melihat,11.77,0.215782864870086,0.0034,0.2142857142857142,S1,0.21533371969477444,24,21,22,25,1.4.3,4.1.2,1.4.1,Sensitif
W24,melihat,0.6000000000000001,0.0,0.0054,0.6904761904761905,S1,0.20714285714285713,25,30,30,5,3.1.1,-,-,Sensitif
W03,melihat,3.4200000000000004,0.05447696319907275,0.0047,0.5238095238095237,S1,0.19527673138220802,26,26,26,10,1.4.3,4.1.2,2.4.4,Sensitif
W14,melihat,3.145,0.049164493383560326,0.0043,0.4285714285714285,S1,0.16298657393992075,27,27,27,12,4.1.2,1.4.3,3.1.1,Sensitif
W12,melihat,3.75,0.06085192697768763,0.0031,0.1428571428571428,S1,0.08545349174152417,28,25,25,27,1.4.3,-,-,Sensitif
W15,melihat,1.05,0.008693132425383946,0.0035,0.23809523809523805,S1,0.07751376412634017,29,28,29,22,1.4.3,2.2.1,-,Sensitif
W16,melihat,1.4000000000000001,0.015454457645127019,0.0025,0.0,S1,0.010818120351588913,30,28,28,30,1.4.4,3.1.1,-,Sensitif
W01,melihat,52.364999999999995,1.0,0.0059,0.8095238095238093,S2,0.9047619047619047,1,1,1,3,1.4.3,1.1.1,2.4.4,Robust
W33,melihat,18.855,0.35265140538974216,0.0067,1.0,S2,0.676325702694871,2,10,12,1,4.1.2,2.4.4,1.1.1,Robust
W32,melihat,31.339999999999996,0.5938375350140056,0.0054,0.6904761904761905,S2,0.642156862745098,3,2,2,5,1.4.3,1.1.1,4.1.2,Cukup stabil
W18,melihat,22.009999999999998,0.4135999227277118,0.006,0.8333333333333333,S2,0.6234666280305226,4,6,8,2,4.1.2,2.4.4,1.1.1,Sensitif
W19,melihat,12.445,0.22882256350816194,0.0056,0.7380952380952379,S2,0.48345890080169995,5,18,19,4,4.1.2,1.4.3,2.4.4,Sensitif
W34,melihat,22.044999999999998,0.4142760552496861,0.0048,0.5476190476190474,S2,0.48094755143436674,6,8,7,9,1.4.3,4.1.2,1.1.1,Sensitif
W06,melihat,25.5125,0.48126147010528353,0.0043,0.4285714285714285,S2,0.454916449338356,7,7,3,12,4.1.2,1.4.3,2.4.4,Sensitif
W27,melihat,18.65,0.3486912006181783,0.0047,0.5238095238095237,S2,0.43625036221385105,8,14,13,10,4.1.2,2.4.4,1.1.1,Sensitif
W29,melihat,7.05,0.12460156476383658,0.0054,0.6904761904761905,S2,0.4075388776200135,9,24,24,5,1.4.3,4.1.2,2.4.4,Sensitif
W21,melihat,19.740000000000002,0.36974789915966394,0.0043,0.4285714285714285,S2,0.39915966386554624,10,10,10,12,1.4.3,2.4.4,4.1.2,Sensitif
W20,melihat,12.3,0.22602144305998267,0.0049,0.5714285714285713,S2,0.39872500724427695,11,22,20,8,1.4.3,4.1.2,1.1.1,Sensitif
W11,melihat,24.169999999999998,0.4553269583695547,0.0038,0.3095238095238095,S2,0.38242538394668213,12,12,6,18,1.1.1,4.1.2,1.4.3,Sensitif
W13,melihat,25.06,0.47252004249975854,0.0035,0.23809523809523805,S2,0.3553076402974983,13,3,4,22,1.1.1,4.1.2,1.4.3,Sensitif
W08,melihat,25.044999999999998,0.4722302714189124,0.0035,0.23809523809523805,S2,0.3551627547570752,14,5,5,22,1.1.1,1.4.3,4.1.2,Sensitif
W24,melihat,0.6000000000000001,0.0,0.0054,0.6904761904761905,S2,0.34523809523809523,15,30,30,5,3.1.1,-,-,Sensitif
W31,melihat,13.709999999999999,0.253259924659519,0.0043,0.4285714285714285,S2,0.34091567661547373,16,20,16,12,4.1.2,1.4.3,1.1.1,Sensitif
W23,melihat,15.255,0.2831063459866706,0.0041,0.380952380952381,S2,0.33202936346952583,17,13,14,17,1.4.3,2.4.4,4.1.2,Sensitif
W04,melihat,12.209999999999999,0.22428281657490584,0.0042,0.40476190476190466,S2,0.3145223606684052,18,15,21,16,4.1.2,2.4.4,1.4.3,Sensitif
W03,melihat,3.4200000000000004,0.05447696319907275,0.0047,0.5238095238095237,S2,0.2891432435042982,19,26,26,10,1.4.3,4.1.2,2.4.4,Sensitif
W22,melihat,13.169999999999998,0.24282816574905824,0.0037,0.2857142857142857,S2,0.26427122573167194,20,17,18,20,1.4.3,4.1.2,2.4.4,Sensitif
W05,melihat,19.330000000000002,0.3618274896165363,0.0032,0.16666666666666666,S2,0.2642470781416015,21,9,11,26,4.1.2,2.4.4,1.1.1,Sensitif
W09,melihat,20.11,0.3768955858205351,0.0031,0.1428571428571428,S2,0.259876364338839,22,4,9,27,2.4.4,4.1.2,1.1.1,Sensitif
W25,melihat,13.87,0.2563508161885444,0.0036,0.2619047619047618,S2,0.2591277890466531,23,16,15,21,1.4.3,4.1.2,2.4.4,Sensitif
W02,melihat,9.665000000000001,0.17511832319134554,0.0038,0.3095238095238095,S2,0.2423210663575775,24,23,23,18,4.1.2,1.4.3,2.4.4,Sensitif
W14,melihat,3.145,0.049164493383560326,0.0043,0.4285714285714285,S2,0.2388679609774944,25,27,27,12,4.1.2,1.4.3,3.1.1,Sensitif
W17,melihat,11.77,0.215782864870086,0.0034,0.2142857142857142,S2,0.2150342895779001,26,21,22,25,1.4.3,4.1.2,1.4.1,Sensitif
W10,melihat,13.425,0.24775427412344253,0.0031,0.1428571428571428,S2,0.19530570849029266,27,19,17,27,1.4.3,4.1.2,2.4.4,Sensitif
W15,melihat,1.05,0.008693132425383946,0.0035,0.23809523809523805,S2,0.123394185260311,28,28,29,22,1.4.3,2.2.1,-,Sensitif
W12,melihat,3.75,0.06085192697768763,0.0031,0.1428571428571428,S2,0.10185453491741521,29,25,25,27,1.4.3,-,-,Sensitif
W16,melihat,1.4000000000000001,0.015454457645127019,0.0025,0.0,S2,0.0077272288225635095,30,28,28,30,1.4.4,3.1.1,-,Sensitif
W01,melihat,52.364999999999995,1.0,0.0059,0.8095238095238093,S3,0.8666666666666665,1,1,1,3,1.4.3,1.1.1,2.4.4,Robust
W33,melihat,18.855,0.35265140538974216,0.0067,1.0,S3,0.8057954216169226,2,10,12,1,4.1.2,2.4.4,1.1.1,Robust
W18,melihat,22.009999999999998,0.4135999227277118,0.006,0.8333333333333333,S3,0.7074133101516468,3,6,8,2,4.1.2,2.4.4,1.1.1,Sensitif
W32,melihat,31.339999999999996,0.5938375350140056,0.0054,0.6904761904761905,S3,0.661484593837535,4,2,2,5,1.4.3,1.1.1,4.1.2,Cukup stabil
W19,melihat,12.445,0.22882256350816194,0.0056,0.7380952380952379,S3,0.5853134357191151,5,18,19,4,4.1.2,1.4.3,2.4.4,Sensitif
W29,melihat,7.05,0.12460156476383658,0.0054,0.6904761904761905,S3,0.5207138027624842,6,24,24,5,1.4.3,4.1.2,2.4.4,Sensitif
W34,melihat,22.044999999999998,0.4142760552496861,0.0048,0.5476190476190474,S3,0.507616149908239,7,8,7,9,1.4.3,4.1.2,1.1.1,Sensitif
W24,melihat,0.6000000000000001,0.0,0.0054,0.6904761904761905,S3,0.4833333333333333,8,30,30,5,3.1.1,-,-,Sensitif
W27,melihat,18.65,0.3486912006181783,0.0047,0.5238095238095237,S3,0.47127402685212005,9,14,13,10,4.1.2,2.4.4,1.1.1,Sensitif
W20,melihat,12.3,0.22602144305998267,0.0049,0.5714285714285713,S3,0.4678064329179947,10,22,20,8,1.4.3,4.1.2,1.1.1,Sensitif
W06,melihat,25.5125,0.48126147010528353,0.0043,0.4285714285714285,S3,0.44437844103158497,11,7,3,12,4.1.2,1.4.3,2.4.4,Sensitif
W21,melihat,19.740000000000002,0.36974789915966394,0.0043,0.4285714285714285,S3,0.41092436974789914,12,10,10,12,1.4.3,2.4.4,4.1.2,Sensitif
W03,melihat,3.4200000000000004,0.05447696319907275,0.0047,0.5238095238095237,S3,0.3830097556263884,13,26,26,10,1.4.3,4.1.2,2.4.4,Sensitif
W31,melihat,13.709999999999999,0.253259924659519,0.0043,0.4285714285714285,S3,0.37597797739785566,14,20,16,12,4.1.2,1.4.3,1.1.1,Sensitif
W11,melihat,24.169999999999998,0.4553269583695547,0.0038,0.3095238095238095,S3,0.353264754177533,15,12,6,18,1.1.1,4.1.2,1.4.3,Sensitif
W23,melihat,15.255,0.2831063459866706,0.0041,0.380952380952381,S3,0.35159857046266785,16,13,14,17,1.4.3,2.4.4,4.1.2,Sensitif
W04,melihat,12.209999999999999,0.22428281657490584,0.0042,0.40476190476190466,S3,0.350618178305805,17,15,21,16,4.1.2,2.4.4,1.4.3,Sensitif
W14,melihat,3.145,0.049164493383560326,0.0043,0.4285714285714285,S3,0.31474934801506804,18,27,27,12,4.1.2,1.4.3,3.1.1,Sensitif
W13,melihat,25.06,0.47252004249975854,0.0035,0.23809523809523805,S3,0.3084226794165942,19,3,4,22,1.1.1,4.1.2,1.4.3,Sensitif
W08,melihat,25.044999999999998,0.4722302714189124,0.0035,0.23809523809523805,S3,0.3083357480923403,20,5,5,22,1.1.1,1.4.3,4.1.2,Sensitif
W22,melihat,13.169999999999998,0.24282816574905824,0.0037,0.2857142857142857,S3,0.27284844972471745,21,17,18,20,1.4.3,4.1.2,2.4.4,Sensitif
W02,melihat,9.665000000000001,0.17511832319134554,0.0038,0.3095238095238095,S3,0.2692021636240703,22,23,23,18,4.1.2,1.4.3,2.4.4,Sensitif
W25,melihat,13.87,0.2563508161885444,0.0036,0.2619047619047618,S3,0.2602385781898966,23,16,15,21,1.4.3,4.1.2,2.4.4,Sensitif
W05,melihat,19.330000000000002,0.3618274896165363,0.0032,0.16666666666666666,S3,0.22521491355162754,24,9,11,26,4.1.2,2.4.4,1.1.1,Sensitif
W17,melihat,11.77,0.215782864870086,0.0034,0.2142857142857142,S3,0.21473485946102572,25,21,22,25,1.4.3,4.1.2,1.4.1,Sensitif
W09,melihat,20.11,0.3768955858205351,0.0031,0.1428571428571428,S3,0.21306867574616048,26,4,9,27,2.4.4,4.1.2,1.1.1,Sensitif
W10,melihat,13.425,0.24775427412344253,0.0031,0.1428571428571428,S3,0.17432628223703273,27,19,17,27,1.4.3,4.1.2,2.4.4,Sensitif
W15,melihat,1.05,0.008693132425383946,0.0035,0.23809523809523805,S3,0.16927460639428182,28,28,29,22,1.4.3,2.2.1,-,Sensitif
W12,melihat,3.75,0.06085192697768763,0.0031,0.1428571428571428,S3,0.11825557809330624,29,25,25,27,1.4.3,-,-,Sensitif
W16,melihat,1.4000000000000001,0.015454457645127019,0.0025,0.0,S3,0.004636337293538105,30,28,28,30,1.4.4,3.1.1,-,Sensitif
W33,mendengar,0.0,0.0,0.0063,1.0,S1,0.3,1,1,1,1,-,-,-,Robust
W14,mendengar,0.0,0.0,0.0053,0.7619047619047619,S1,0.22857142857142854,2,1,1,2,-,-,-,Robust
W19,mendengar,0.0,0.0,0.0051,0.7142857142857143,S1,0.21428571428571427,3,1,1,3,-,-,-,Robust
W27,mendengar,0.0,0.0,0.0048,0.6428571428571427,S1,0.1928571428571428,4,1,1,4,-,-,-,Sensitif
W24,mendengar,0.0,0.0,0.0047,0.6190476190476191,S1,0.18571428571428572,5,1,1,5,-,-,-,Sensitif
W29,mendengar,0.0,0.0,0.0046,0.5952380952380951,S1,0.17857142857142852,6,1,1,6,-,-,-,Sensitif
W18,mendengar,0.0,0.0,0.0044,0.5476190476190477,S1,0.16428571428571428,7,1,1,7,-,-,-,Sensitif
W03,mendengar,0.0,0.0,0.0043,0.5238095238095237,S1,0.1571428571428571,8,1,1,8,-,-,-,Sensitif
W13,mendengar,0.0,0.0,0.0041,0.4761904761904762,S1,0.14285714285714285,9,1,1,9,-,-,-,Sensitif
W25,mendengar,0.0,0.0,0.0041,0.4761904761904762,S1,0.14285714285714285,9,1,1,9,-,-,-,Sensitif
W17,mendengar,0.0,0.0,0.0039,0.4285714285714285,S1,0.12857142857142853,11,1,1,11,-,-,-,Sensitif
W32,mendengar,0.0,0.0,0.0038,0.4047619047619047,S1,0.12142857142857141,12,1,1,12,-,-,-,Sensitif
W34,mendengar,0.0,0.0,0.0038,0.4047619047619047,S1,0.12142857142857141,12,1,1,12,-,-,-,Sensitif
W01,mendengar,0.0,0.0,0.0037,0.380952380952381,S1,0.1142857142857143,14,1,1,14,-,-,-,Sensitif
W06,mendengar,0.0,0.0,0.0037,0.380952380952381,S1,0.1142857142857143,14,1,1,14,-,-,-,Sensitif
W11,mendengar,0.0,0.0,0.0037,0.380952380952381,S1,0.1142857142857143,14,1,1,14,-,-,-,Sensitif
W15,mendengar,0.0,0.0,0.0037,0.380952380952381,S1,0.1142857142857143,14,1,1,14,-,-,-,Sensitif
W20,mendengar,0.0,0.0,0.0037,0.380952380952381,S1,0.1142857142857143,14,1,1,14,-,-,-,Sensitif
W23,mendengar,0.0,0.0,0.0037,0.380952380952381,S1,0.1142857142857143,14,1,1,14,-,-,-,Sensitif
W08,mendengar,0.0,0.0,0.0036,0.3571428571428571,S1,0.10714285714285712,20,1,1,20,-,-,-,Sensitif
W09,mendengar,0.0,0.0,0.0035,0.3333333333333333,S1,0.09999999999999999,21,1,1,21,-,-,-,Sensitif
W21,mendengar,0.0,0.0,0.0032,0.2619047619047619,S1,0.07857142857142857,22,1,1,22,-,-,-,Sensitif
W31,mendengar,0.0,0.0,0.0032,0.2619047619047619,S1,0.07857142857142857,22,1,1,22,-,-,-,Sensitif
W04,mendengar,0.0,0.0,0.0031,0.23809523809523805,S1,0.07142857142857141,24,1,1,24,-,-,-,Sensitif
W02,mendengar,0.0,0.0,0.003,0.2142857142857143,S1,0.0642857142857143,25,1,1,25,-,-,-,Sensitif
W05,mendengar,0.0,0.0,0.003,0.2142857142857143,S1,0.0642857142857143,25,1,1,25,-,-,-,Sensitif
W22,mendengar,0.0,0.0,0.003,0.2142857142857143,S1,0.0642857142857143,25,1,1,25,-,-,-,Sensitif
W12,mendengar,0.0,0.0,0.0029,0.19047619047619044,S1,0.05714285714285713,28,1,1,28,-,-,-,Sensitif
W16,mendengar,0.0,0.0,0.0025,0.09523809523809527,S1,0.02857142857142858,29,1,1,29,-,-,-,Sensitif
W10,mendengar,0.0,0.0,0.0021,0.0,S1,0.0,30,1,1,30,-,-,-,Sensitif
W33,mendengar,0.0,0.0,0.0063,1.0,S2,0.5,1,1,1,1,-,-,-,Robust
W14,mendengar,0.0,0.0,0.0053,0.7619047619047619,S2,0.38095238095238093,2,1,1,2,-,-,-,Robust
W19,mendengar,0.0,0.0,0.0051,0.7142857142857143,S2,0.35714285714285715,3,1,1,3,-,-,-,Robust
W27,mendengar,0.0,0.0,0.0048,0.6428571428571427,S2,0.32142857142857134,4,1,1,4,-,-,-,Sensitif
W24,mendengar,0.0,0.0,0.0047,0.6190476190476191,S2,0.30952380952380953,5,1,1,5,-,-,-,Sensitif
W29,mendengar,0.0,0.0,0.0046,0.5952380952380951,S2,0.29761904761904756,6,1,1,6,-,-,-,Sensitif
W18,mendengar,0.0,0.0,0.0044,0.5476190476190477,S2,0.27380952380952384,7,1,1,7,-,-,-,Sensitif
W03,mendengar,0.0,0.0,0.0043,0.5238095238095237,S2,0.26190476190476186,8,1,1,8,-,-,-,Sensitif
W13,mendengar,0.0,0.0,0.0041,0.4761904761904762,S2,0.2380952380952381,9,1,1,9,-,-,-,Sensitif
W25,mendengar,0.0,0.0,0.0041,0.4761904761904762,S2,0.2380952380952381,9,1,1,9,-,-,-,Sensitif
W17,mendengar,0.0,0.0,0.0039,0.4285714285714285,S2,0.21428571428571425,11,1,1,11,-,-,-,Sensitif
W32,mendengar,0.0,0.0,0.0038,0.4047619047619047,S2,0.20238095238095236,12,1,1,12,-,-,-,Sensitif
W34,mendengar,0.0,0.0,0.0038,0.4047619047619047,S2,0.20238095238095236,12,1,1,12,-,-,-,Sensitif
W01,mendengar,0.0,0.0,0.0037,0.380952380952381,S2,0.1904761904761905,14,1,1,14,-,-,-,Sensitif
W06,mendengar,0.0,0.0,0.0037,0.380952380952381,S2,0.1904761904761905,14,1,1,14,-,-,-,Sensitif
W11,mendengar,0.0,0.0,0.0037,0.380952380952381,S2,0.1904761904761905,14,1,1,14,-,-,-,Sensitif
W15,mendengar,0.0,0.0,0.0037,0.380952380952381,S2,0.1904761904761905,14,1,1,14,-,-,-,Sensitif
W20,mendengar,0.0,0.0,0.0037,0.380952380952381,S2,0.1904761904761905,14,1,1,14,-,-,-,Sensitif
W23,mendengar,0.0,0.0,0.0037,0.380952380952381,S2,0.1904761904761905,14,1,1,14,-,-,-,Sensitif
W08,mendengar,0.0,0.0,0.0036,0.3571428571428571,S2,0.17857142857142855,20,1,1,20,-,-,-,Sensitif
W09,mendengar,0.0,0.0,0.0035,0.3333333333333333,S2,0.16666666666666666,21,1,1,21,-,-,-,Sensitif
W21,mendengar,0.0,0.0,0.0032,0.2619047619047619,S2,0.13095238095238096,22,1,1,22,-,-,-,Sensitif
W31,mendengar,0.0,0.0,0.0032,0.2619047619047619,S2,0.13095238095238096,22,1,1,22,-,-,-,Sensitif
W04,mendengar,0.0,0.0,0.0031,0.23809523809523805,S2,0.11904761904761903,24,1,1,24,-,-,-,Sensitif
W02,mendengar,0.0,0.0,0.003,0.2142857142857143,S2,0.10714285714285715,25,1,1,25,-,-,-,Sensitif
W05,mendengar,0.0,0.0,0.003,0.2142857142857143,S2,0.10714285714285715,25,1,1,25,-,-,-,Sensitif
W22,mendengar,0.0,0.0,0.003,0.2142857142857143,S2,0.10714285714285715,25,1,1,25,-,-,-,Sensitif
W12,mendengar,0.0,0.0,0.0029,0.19047619047619044,S2,0.09523809523809522,28,1,1,28,-,-,-,Sensitif
W16,mendengar,0.0,0.0,0.0025,0.09523809523809527,S2,0.04761904761904764,29,1,1,29,-,-,-,Sensitif
W10,mendengar,0.0,0.0,0.0021,0.0,S2,0.0,30,1,1,30,-,-,-,Sensitif
W33,mendengar,0.0,0.0,0.0063,1.0,S3,0.7,1,1,1,1,-,-,-,Robust
W14,mendengar,0.0,0.0,0.0053,0.7619047619047619,S3,0.5333333333333332,2,1,1,2,-,-,-,Robust
W19,mendengar,0.0,0.0,0.0051,0.7142857142857143,S3,0.5,3,1,1,3,-,-,-,Robust
W27,mendengar,0.0,0.0,0.0048,0.6428571428571427,S3,0.44999999999999984,4,1,1,4,-,-,-,Sensitif
W24,mendengar,0.0,0.0,0.0047,0.6190476190476191,S3,0.43333333333333335,5,1,1,5,-,-,-,Sensitif
W29,mendengar,0.0,0.0,0.0046,0.5952380952380951,S3,0.4166666666666666,6,1,1,6,-,-,-,Sensitif
W18,mendengar,0.0,0.0,0.0044,0.5476190476190477,S3,0.38333333333333336,7,1,1,7,-,-,-,Sensitif
W03,mendengar,0.0,0.0,0.0043,0.5238095238095237,S3,0.3666666666666666,8,1,1,8,-,-,-,Sensitif
W13,mendengar,0.0,0.0,0.0041,0.4761904761904762,S3,0.3333333333333333,9,1,1,9,-,-,-,Sensitif
W25,mendengar,0.0,0.0,0.0041,0.4761904761904762,S3,0.3333333333333333,9,1,1,9,-,-,-,Sensitif
W17,mendengar,0.0,0.0,0.0039,0.4285714285714285,S3,0.29999999999999993,11,1,1,11,-,-,-,Sensitif
W32,mendengar,0.0,0.0,0.0038,0.4047619047619047,S3,0.28333333333333327,12,1,1,12,-,-,-,Sensitif
W34,mendengar,0.0,0.0,0.0038,0.4047619047619047,S3,0.28333333333333327,12,1,1,12,-,-,-,Sensitif
W01,mendengar,0.0,0.0,0.0037,0.380952380952381,S3,0.26666666666666666,14,1,1,14,-,-,-,Sensitif
W06,mendengar,0.0,0.0,0.0037,0.380952380952381,S3,0.26666666666666666,14,1,1,14,-,-,-,Sensitif
W11,mendengar,0.0,0.0,0.0037,0.380952380952381,S3,0.26666666666666666,14,1,1,14,-,-,-,Sensitif
W15,mendengar,0.0,0.0,0.0037,0.380952380952381,S3,0.26666666666666666,14,1,1,14,-,-,-,Sensitif
W20,mendengar,0.0,0.0,0.0037,0.380952380952381,S3,0.26666666666666666,14,1,1,14,-,-,-,Sensitif
W23,mendengar,0.0,0.0,0.0037,0.380952380952381,S3,0.26666666666666666,14,1,1,14,-,-,-,Sensitif
W08,mendengar,0.0,0.0,0.0036,0.3571428571428571,S3,0.24999999999999994,20,1,1,20,-,-,-,Sensitif
W09,mendengar,0.0,0.0,0.0035,0.3333333333333333,S3,0.2333333333333333,21,1,1,21,-,-,-,Sensitif
W21,mendengar,0.0,0.0,0.0032,0.2619047619047619,S3,0.18333333333333332,22,1,1,22,-,-,-,Sensitif
W31,mendengar,0.0,0.0,0.0032,0.2619047619047619,S3,0.18333333333333332,22,1,1,22,-,-,-,Sensitif
W04,mendengar,0.0,0.0,0.0031,0.23809523809523805,S3,0.16666666666666663,24,1,1,24,-,-,-,Sensitif
W02,mendengar,0.0,0.0,0.003,0.2142857142857143,S3,0.15,25,1,1,25,-,-,-,Sensitif
W05,mendengar,0.0,0.0,0.003,0.2142857142857143,S3,0.15,25,1,1,25,-,-,-,Sensitif
W22,mendengar,0.0,0.0,0.003,0.2142857142857143,S3,0.15,25,1,1,25,-,-,-,Sensitif
W12,mendengar,0.0,0.0,0.0029,0.19047619047619044,S3,0.1333333333333333,28,1,1,28,-,-,-,Sensitif
W16,mendengar,0.0,0.0,0.0025,0.09523809523809527,S3,0.0666666666666667,29,1,1,29,-,-,-,Sensitif
W10,mendengar,0.0,0.0,0.0021,0.0,S3,0.0,30,1,1,30,-,-,-,Sensitif
W06,tangan,12.5625,1.0,0.0026,0.2857142857142857,S1,0.7857142857142857,1,10,1,20,4.1.2,2.4.4,2.1.1,Cukup stabil
W01,tangan,10.434999999999999,0.8306467661691541,0.0033,0.5357142857142857,S1,0.7421670220326936,2,1,2,6,4.1.2,2.4.4,1.1.1,Robust
W33,tangan,7.339999999999999,0.5842786069651741,0.0046,1.0,S1,0.7089950248756218,3,6,7,1,4.1.2,2.4.4,1.1.1,Robust
W09,tangan,10.120000000000001,0.8055721393034827,0.0029,0.3928571428571428,S1,0.6817576403695806,4,2,3,13,4.1.2,2.4.4,1.1.1,Sensitif
W18,tangan,9.07,0.7219900497512438,0.003,0.4285714285714286,S1,0.6339644633972992,5,3,4,10,4.1.2,2.4.4,1.1.1,Sensitif
W27,tangan,8.2,0.6527363184079601,0.0033,0.5357142857142857,S1,0.6176297085998577,6,9,5,6,4.1.2,2.4.4,1.1.1,Sensitif
W13,tangan,7.2700000000000005,0.5787064676616915,0.0036,0.6428571428571428,S1,0.5979516702203269,7,4,8,4,4.1.2,2.4.4,1.1.1,Sensitif
W05,tangan,7.909999999999999,0.6296517412935323,0.0023,0.17857142857142858,S1,0.4943276474769011,8,5,6,26,4.1.2,2.4.4,1.1.1,Sensitif
W11,tangan,5.3100000000000005,0.42268656716417913,0.0036,0.6428571428571428,S1,0.4887377398720682,9,7,12,4,4.1.2,1.1.1,2.4.2,Sensitif
W23,tangan,4.2299999999999995,0.3367164179104477,0.0038,0.7142857142857143,S1,0.4499872068230276,10,13,15,3,4.1.2,2.4.4,1.1.1,Sensitif
W08,tangan,6.029999999999999,0.4799999999999999,0.0028,0.35714285714285715,S1,0.44314285714285706,11,8,9,16,4.1.2,2.4.4,1.1.1,Sensitif
W04,tangan,5.55,0.4417910447761194,0.0029,0.3928571428571428,S1,0.42711087420042637,12,11,11,13,4.1.2,2.4.4,-,Sensitif
W19,tangan,4.35,0.3462686567164179,0.003,0.4285714285714286,S1,0.3709594882729211,13,14,14,10,4.1.2,2.4.4,-,Sensitif
W14,tangan,1.41,0.11223880597014925,0.0044,0.9285714285714287,S1,0.35713859275053306,14,24,23,2,4.1.2,-,-,Sensitif
W31,tangan,5.84,0.46487562189054726,0.002,0.07142857142857147,S1,0.3468415067519545,15,15,10,28,4.1.2,1.1.1,1.4.4,Sensitif
W21,tangan,4.4399999999999995,0.35343283582089546,0.0026,0.2857142857142857,S1,0.3331172707889125,16,12,13,20,4.1.2,2.4.4,1.3.1,Sensitif
W22,tangan,3.81,0.30328358208955225,0.0028,0.35714285714285715,S1,0.3194413646055437,17,17,18,16,4.1.2,2.4.4,-,Sensitif
W34,tangan,3.9299999999999997,0.31283582089552237,0.0027,0.3214285714285715,S1,0.3154136460554371,18,16,16,19,4.1.2,2.4.4,1.1.1,Sensitif
W25,tangan,3.19,0.2539303482587065,0.003,0.4285714285714286,S1,0.3063226723525231,19,19,19,10,4.1.2,2.4.4,1.1.1,Sensitif
W02,tangan,3.8299999999999996,0.30487562189054723,0.0025,0.25000000000000006,S1,0.2884129353233831,20,18,17,23,4.1.2,2.4.4,1.1.1,Sensitif
W17,tangan,1.8399999999999999,0.14646766169154227,0.0031,0.46428571428571425,S1,0.24181307746979386,21,20,21,9,4.1.2,2.4.4,1.1.1,Sensitif
W29,tangan,2.3099999999999996,0.18388059701492535,0.0028,0.35714285714285715,S1,0.2358592750533049,22,21,20,16,4.1.2,2.4.4,2.1.1,Sensitif
W15,tangan,0.8,0.063681592039801,0.0033,0.5357142857142857,S1,0.2052914001421464,23,27,26,6,2.2.1,-,-,Sensitif
W03,tangan,0.9299999999999999,0.07402985074626865,0.0029,0.3928571428571428,S1,0.16967803837953088,24,25,25,13,4.1.2,2.4.4,-,Sensitif
W32,tangan,1.04,0.08278606965174129,0.0024,0.21428571428571422,S1,0.12223596304193315,25,23,24,25,4.1.2,1.1.1,-,Sensitif
W20,tangan,0.6199999999999999,0.049353233830845764,0.0025,0.25000000000000006,S1,0.10954726368159204,26,26,27,23,4.1.2,1.1.1,-,Sensitif
W10,tangan,1.5899999999999999,0.12656716417910446,0.0018,0.0,S1,0.08859701492537311,27,22,22,30,4.1.2,2.4.4,2.1.1,Sensitif
W12,tangan,0.0,0.0,0.0026,0.2857142857142857,S1,0.0857142857142857,28,29,29,20,-,-,-,Sensitif
W24,tangan,0.0,0.0,0.0022,0.14285714285714293,S1,0.04285714285714288,29,29,29,27,-,-,-,Sensitif
W16,tangan,0.1,0.007960199004975126,0.0019,0.03571428571428573,S1,0.016286425017768308,30,27,28,29,1.4.4,-,-,Sensitif
W33,tangan,7.339999999999999,0.5842786069651741,0.0046,1.0,S2,0.792139303482587,1,6,7,1,4.1.2,2.4.4,1.1.1,Robust
W01,tangan,10.434999999999999,0.8306467661691541,0.0033,0.5357142857142857,S2,0.6831805259417199,2,1,2,6,4.1.2,2.4.4,1.1.1,Robust
W06,tangan,12.5625,1.0,0.0026,0.2857142857142857,S2,0.6428571428571428,3,10,1,20,4.1.2,2.4.4,2.1.1,Cukup stabil
W13,tangan,7.2700000000000005,0.5787064676616915,0.0036,0.6428571428571428,S2,0.6107818052594172,4,4,8,4,4.1.2,2.4.4,1.1.1,Sensitif
W09,tangan,10.120000000000001,0.8055721393034827,0.0029,0.3928571428571428,S2,0.5992146410803127,5,2,3,13,4.1.2,2.4.4,1.1.1,Sensitif
W27,tangan,8.2,0.6527363184079601,0.0033,0.5357142857142857,S2,0.5942253020611229,6,9,5,6,4.1.2,2.4.4,1.1.1,Sensitif
W18,tangan,9.07,0.7219900497512438,0.003,0.4285714285714286,S2,0.5752807391613362,7,3,4,10,4.1.2,2.4.4,1.1.1,Sensitif
W11,tangan,5.3100000000000005,0.42268656716417913,0.0036,0.6428571428571428,S2,0.5327718550106609,8,7,12,4,4.1.2,1.1.1,2.4.2,Sensitif
W23,tangan,4.2299999999999995,0.3367164179104477,0.0038,0.7142857142857143,S2,0.525501066098081,9,13,15,3,4.1.2,2.4.4,1.1.1,Sensitif
W14,tangan,1.41,0.11223880597014925,0.0044,0.9285714285714287,S2,0.520405117270789,10,24,23,2,4.1.2,-,-,Sensitif
W08,tangan,6.029999999999999,0.4799999999999999,0.0028,0.35714285714285715,S2,0.41857142857142854,11,8,9,16,4.1.2,2.4.4,1.1.1,Sensitif
W04,tangan,5.55,0.4417910447761194,0.0029,0.3928571428571428,S2,0.4173240938166311,12,11,11,13,4.1.2,2.4.4,-,Sensitif
W05,tangan,7.909999999999999,0.6296517412935323,0.0023,0.17857142857142858,S2,0.40411158493248045,13,5,6,26,4.1.2,2.4.4,1.1.1,Sensitif
W19,tangan,4.35,0.3462686567164179,0.003,0.4285714285714286,S2,0.38742004264392327,14,14,14,10,4.1.2,2.4.4,-,Sensitif
W25,tangan,3.19,0.2539303482587065,0.003,0.4285714285714286,S2,0.34125088841506757,15,19,19,10,4.1.2,2.4.4,1.1.1,Sensitif
W22,tangan,3.81,0.30328358208955225,0.0028,0.35714285714285715,S2,0.3302132196162047,16,17,18,16,4.1.2,2.4.4,-,Sensitif
W21,tangan,4.4399999999999995,0.35343283582089546,0.0026,0.2857142857142857,S2,0.3195735607675906,17,12,13,20,4.1.2,2.4.4,1.3.1,Sensitif
W34,tangan,3.9299999999999997,0.31283582089552237,0.0027,0.3214285714285715,S2,0.3171321961620469,18,16,16,19,4.1.2,2.4.4,1.1.1,Sensitif
W17,tangan,1.8399999999999999,0.14646766169154227,0.0031,0.46428571428571425,S2,0.30537668798862827,19,20,21,9,4.1.2,2.4.4,1.1.1,Sensitif
W15,tangan,0.8,0.063681592039801,0.0033,0.5357142857142857,S2,0.2996979388770433,20,27,26,6,2.2.1,-,-,Sensitif
W02,tangan,3.8299999999999996,0.30487562189054723,0.0025,0.25000000000000006,S2,0.27743781094527364,21,18,17,23,4.1.2,2.4.4,1.1.1,Sensitif
W29,tangan,2.3099999999999996,0.18388059701492535,0.0028,0.35714285714285715,S2,0.27051172707889126,22,21,20,16,4.1.2,2.4.4,2.1.1,Sensitif
W31,tangan,5.84,0.46487562189054726,0.002,0.07142857142857147,S2,0.26815209665955936,23,15,10,28,4.1.2,1.1.1,1.4.4,Sensitif
W03,tangan,0.9299999999999999,0.07402985074626865,0.0029,0.3928571428571428,S2,0.23344349680170573,24,25,25,13,4.1.2,2.4.4,-,Sensitif
W20,tangan,0.6199999999999999,0.049353233830845764,0.0025,0.25000000000000006,S2,0.14967661691542292,25,26,27,23,4.1.2,1.1.1,-,Sensitif
W32,tangan,1.04,0.08278606965174129,0.0024,0.21428571428571422,S2,0.14853589196872774,26,23,24,25,4.1.2,1.1.1,-,Sensitif
W12,tangan,0.0,0.0,0.0026,0.2857142857142857,S2,0.14285714285714285,27,29,29,20,-,-,-,Sensitif
W24,tangan,0.0,0.0,0.0022,0.14285714285714293,S2,0.07142857142857147,28,29,29,27,-,-,-,Sensitif
W10,tangan,1.5899999999999999,0.12656716417910446,0.0018,0.0,S2,0.06328358208955223,29,22,22,30,4.1.2,2.4.4,2.1.1,Sensitif
W16,tangan,0.1,0.007960199004975126,0.0019,0.03571428571428573,S2,0.02183724235963043,30,27,28,29,1.4.4,-,-,Sensitif
W33,tangan,7.339999999999999,0.5842786069651741,0.0046,1.0,S3,0.8752835820895521,1,6,7,1,4.1.2,2.4.4,1.1.1,Robust
W14,tangan,1.41,0.11223880597014925,0.0044,0.9285714285714287,S3,0.6836716417910448,2,24,23,2,4.1.2,-,-,Sensitif
W01,tangan,10.434999999999999,0.8306467661691541,0.0033,0.5357142857142857,S3,0.6241940298507462,3,1,2,6,4.1.2,2.4.4,1.1.1,Robust
W13,tangan,7.2700000000000005,0.5787064676616915,0.0036,0.6428571428571428,S3,0.6236119402985074,4,4,8,4,4.1.2,2.4.4,1.1.1,Sensitif
W23,tangan,4.2299999999999995,0.3367164179104477,0.0038,0.7142857142857143,S3,0.6010149253731343,5,13,15,3,4.1.2,2.4.4,1.1.1,Sensitif
W11,tangan,5.3100000000000005,0.42268656716417913,0.0036,0.6428571428571428,S3,0.5768059701492536,6,7,12,4,4.1.2,1.1.1,2.4.2,Sensitif
W27,tangan,8.2,0.6527363184079601,0.0033,0.5357142857142857,S3,0.5708208955223879,7,9,5,6,4.1.2,2.4.4,1.1.1,Sensitif
W09,tangan,10.120000000000001,0.8055721393034827,0.0029,0.3928571428571428,S3,0.5166716417910447,8,2,3,13,4.1.2,2.4.4,1.1.1,Sensitif
W18,tangan,9.07,0.7219900497512438,0.003,0.4285714285714286,S3,0.5165970149253731,9,3,4,10,4.1.2,2.4.4,1.1.1,Sensitif
W06,tangan,12.5625,1.0,0.0026,0.2857142857142857,S3,0.5,10,10,1,20,4.1.2,2.4.4,2.1.1,Cukup stabil
W04,tangan,5.55,0.4417910447761194,0.0029,0.3928571428571428,S3,0.4075373134328357,11,11,11,13,4.1.2,2.4.4,-,Sensitif
W19,tangan,4.35,0.3462686567164179,0.003,0.4285714285714286,S3,0.40388059701492535,12,14,14,10,4.1.2,2.4.4,-,Sensitif
W15,tangan,0.8,0.063681592039801,0.0033,0.5357142857142857,S3,0.39410447761194023,13,27,26,6,2.2.1,-,-,Sensitif
W08,tangan,6.029999999999999,0.4799999999999999,0.0028,0.35714285714285715,S3,0.39399999999999996,14,8,9,16,4.1.2,2.4.4,1.1.1,Sensitif
W25,tangan,3.19,0.2539303482587065,0.003,0.4285714285714286,S3,0.37617910447761194,15,19,19,10,4.1.2,2.4.4,1.1.1,Sensitif
W17,tangan,1.8399999999999999,0.14646766169154227,0.0031,0.46428571428571425,S3,0.3689402985074626,16,20,21,9,4.1.2,2.4.4,1.1.1,Sensitif
W22,tangan,3.81,0.30328358208955225,0.0028,0.35714285714285715,S3,0.34098507462686567,17,17,18,16,4.1.2,2.4.4,-,Sensitif
W34,tangan,3.9299999999999997,0.31283582089552237,0.0027,0.3214285714285715,S3,0.3188507462686567,18,16,16,19,4.1.2,2.4.4,1.1.1,Sensitif
W05,tangan,7.909999999999999,0.6296517412935323,0.0023,0.17857142857142858,S3,0.3138955223880597,19,5,6,26,4.1.2,2.4.4,1.1.1,Sensitif
W21,tangan,4.4399999999999995,0.35343283582089546,0.0026,0.2857142857142857,S3,0.30602985074626865,20,12,13,20,4.1.2,2.4.4,1.3.1,Sensitif
W29,tangan,2.3099999999999996,0.18388059701492535,0.0028,0.35714285714285715,S3,0.3051641791044776,21,21,20,16,4.1.2,2.4.4,2.1.1,Sensitif
W03,tangan,0.9299999999999999,0.07402985074626865,0.0029,0.3928571428571428,S3,0.2972089552238805,22,25,25,13,4.1.2,2.4.4,-,Sensitif
W02,tangan,3.8299999999999996,0.30487562189054723,0.0025,0.25000000000000006,S3,0.2664626865671642,23,18,17,23,4.1.2,2.4.4,1.1.1,Sensitif
W12,tangan,0.0,0.0,0.0026,0.2857142857142857,S3,0.19999999999999998,24,29,29,20,-,-,-,Sensitif
W20,tangan,0.6199999999999999,0.049353233830845764,0.0025,0.25000000000000006,S3,0.18980597014925374,25,26,27,23,4.1.2,1.1.1,-,Sensitif
W31,tangan,5.84,0.46487562189054726,0.002,0.07142857142857147,S3,0.1894626865671642,26,15,10,28,4.1.2,1.1.1,1.4.4,Sensitif
W32,tangan,1.04,0.08278606965174129,0.0024,0.21428571428571422,S3,0.17483582089552233,27,23,24,25,4.1.2,1.1.1,-,Sensitif
W24,tangan,0.0,0.0,0.0022,0.14285714285714293,S3,0.10000000000000005,28,29,29,27,-,-,-,Sensitif
W10,tangan,1.5899999999999999,0.12656716417910446,0.0018,0.0,S3,0.037970149253731336,29,22,22,30,4.1.2,2.4.4,2.1.1,Sensitif
W16,tangan,0.1,0.007960199004975126,0.0019,0.03571428571428573,S3,0.02738805970149255,30,27,28,29,1.4.4,-,-,Sensitif
