website_id,category,issue_rank,wcag_sc,page_id,page_url
W01,melihat,1,1.4.3,P001,https://dinsos.acehprov.go.id/
W01,melihat,1,1.4.3,P002,https://dinsos.acehprov.go.id/halaman/visi-dan-misi
W01,melihat,1,1.4.3,P003,https://dinsos.acehprov.go.id/halaman/sarana-layanan-ppid
W01,melihat,1,1.4.3,P004,https://dinsos.acehprov.go.id/berita
W01,melihat,1,1.4.3,P005,https://dinsos.acehprov.go.id/halaman/formulir-permohonan-informasi-publik
W01,melihat,2,1.1.1,P001,https://dinsos.acehprov.go.id/
W01,melihat,2,1.1.1,P002,https://dinsos.acehprov.go.id/halaman/visi-dan-misi
W01,melihat,2,1.1.1,P003,https://dinsos.acehprov.go.id/halaman/sarana-layanan-ppid
W01,melihat,2,1.1.1,P004,https://dinsos.acehprov.go.id/berita
W01,melihat,2,1.1.1,P005,https://dinsos.acehprov.go.id/halaman/formulir-permohonan-informasi-publik
W01,melihat,3,2.4.4,P001,https://dinsos.acehprov.go.id/
W01,melihat,3,2.4.4,P002,https://dinsos.acehprov.go.id/halaman/visi-dan-misi
W01,melihat,3,2.4.4,P003,https://dinsos.acehprov.go.id/halaman/sarana-layanan-ppid
W01,melihat,3,2.4.4,P004,https://dinsos.acehprov.go.id/berita
W01,melihat,3,2.4.4,P005,https://dinsos.acehprov.go.id/halaman/formulir-permohonan-informasi-publik
W01,tangan,1,4.1.2,P001,https://dinsos.acehprov.go.id/
W01,tangan,1,4.1.2,P002,https://dinsos.acehprov.go.id/halaman/visi-dan-misi
W01,tangan,1,4.1.2,P003,https://dinsos.acehprov.go.id/halaman/sarana-layanan-ppid
W01,tangan,1,4.1.2,P004,https://dinsos.acehprov.go.id/berita
W01,tangan,1,4.1.2,P005,https://dinsos.acehprov.go.id/halaman/formulir-permohonan-informasi-publik
W01,tangan,2,2.4.4,P001,https://dinsos.acehprov.go.id/
W01,tangan,2,2.4.4,P002,https://dinsos.acehprov.go.id/halaman/visi-dan-misi
W01,tangan,2,2.4.4,P003,https://dinsos.acehprov.go.id/halaman/sarana-layanan-ppid
W01,tangan,2,2.4.4,P004,https://dinsos.acehprov.go.id/berita
W01,tangan,2,2.4.4,P005,https://dinsos.acehprov.go.id/halaman/formulir-permohonan-informasi-publik
W01,tangan,3,1.1.1,P001,https://dinsos.acehprov.go.id/
W01,tangan,3,1.1.1,P002,https://dinsos.acehprov.go.id/halaman/visi-dan-misi
W01,tangan,3,1.1.1,P003,https://dinsos.acehprov.go.id/halaman/sarana-layanan-ppid
W01,tangan,3,1.1.1,P004,https://dinsos.acehprov.go.id/berita
W01,tangan,3,1.1.1,P005,https://dinsos.acehprov.go.id/halaman/formulir-permohonan-informasi-publik
W02,melihat,1,4.1.2,P006,https://dinsos.sumutprov.go.id/
W02,melihat,1,4.1.2,P007,https://dinsos.sumutprov.go.id/pages/tugas-dan-fungsi
W02,melihat,1,4.1.2,P008,https://dinsos.sumutprov.go.id/pages/maklumat-pelayanan
W02,melihat,1,4.1.2,P009,https://dinsos.sumutprov.go.id/news
W02,melihat,1,4.1.2,P010,https://dinsos.sumutprov.go.id/pages/kontak
W02,melihat,2,1.4.3,P006,https://dinsos.sumutprov.go.id/
W02,melihat,2,1.4.3,P009,https://dinsos.sumutprov.go.id/news
W02,melihat,3,2.4.4,P006,https://dinsos.sumutprov.go.id/
W02,melihat,3,2.4.4,P007,https://dinsos.sumutprov.go.id/pages/tugas-dan-fungsi
W02,melihat,3,2.4.4,P008,https://dinsos.sumutprov.go.id/pages/maklumat-pelayanan
W02,melihat,3,2.4.4,P009,https://dinsos.sumutprov.go.id/news
W02,melihat,3,2.4.4,P010,https://dinsos.sumutprov.go.id/pages/kontak
W02,tangan,1,4.1.2,P006,https://dinsos.sumutprov.go.id/
W02,tangan,1,4.1.2,P007,https://dinsos.sumutprov.go.id/pages/tugas-dan-fungsi
W02,tangan,1,4.1.2,P008,https://dinsos.sumutprov.go.id/pages/maklumat-pelayanan
W02,tangan,1,4.1.2,P009,https://dinsos.sumutprov.go.id/news
W02,tangan,1,4.1.2,P010,https://dinsos.sumutprov.go.id/pages/kontak
W02,tangan,2,2.4.4,P006,https://dinsos.sumutprov.go.id/
W02,tangan,2,2.4.4,P007,https://dinsos.sumutprov.go.id/pages/tugas-dan-fungsi
W02,tangan,2,2.4.4,P008,https://dinsos.sumutprov.go.id/pages/maklumat-pelayanan
W02,tangan,2,2.4.4,P009,https://dinsos.sumutprov.go.id/news
W02,tangan,2,2.4.4,P010,https://dinsos.sumutprov.go.id/pages/kontak
W02,tangan,3,1.1.1,P008,https://dinsos.sumutprov.go.id/pages/maklumat-pelayanan
W03,melihat,1,1.4.3,P011,https://dinsos.sumbarprov.go.id/
W03,melihat,1,1.4.3,P014,https://dinsos.sumbarprov.go.id/berita
W03,melihat,1,1.4.3,P015,https://dinsos.sumbarprov.go.id/pengumuman/mekanisme-konsultasi-dan-pengaduan
W03,melihat,2,4.1.2,P011,https://dinsos.sumbarprov.go.id/
W03,melihat,2,4.1.2,P015,https://dinsos.sumbarprov.go.id/pengumuman/mekanisme-konsultasi-dan-pengaduan
W03,melihat,3,2.4.4,P015,https://dinsos.sumbarprov.go.id/pengumuman/mekanisme-konsultasi-dan-pengaduan
W03,tangan,1,4.1.2,P011,https://dinsos.sumbarprov.go.id/
W03,tangan,1,4.1.2,P015,https://dinsos.sumbarprov.go.id/pengumuman/mekanisme-konsultasi-dan-pengaduan
W03,tangan,2,2.4.4,P015,https://dinsos.sumbarprov.go.id/pengumuman/mekanisme-konsultasi-dan-pengaduan
W04,melihat,1,4.1.2,P016,https://dinsos.riau.go.id/
W04,melihat,1,4.1.2,P017,https://dinsos.riau.go.id/profil
W04,melihat,1,4.1.2,P018,https://dinsos.riau.go.id/berita/19
W04,melihat,1,4.1.2,P019,https://dinsos.riau.go.id/berita
W04,melihat,1,4.1.2,P020,https://dinsos.riau.go.id/ppid/daftar-informasi/pengaduan-monitoring-pkh
W04,melihat,2,2.4.4,P016,https://dinsos.riau.go.id/
W04,melihat,2,2.4.4,P017,https://dinsos.riau.go.id/profil
W04,melihat,2,2.4.4,P018,https://dinsos.riau.go.id/berita/19
W04,melihat,2,2.4.4,P019,https://dinsos.riau.go.id/berita
W04,melihat,2,2.4.4,P020,https://dinsos.riau.go.id/ppid/daftar-informasi/pengaduan-monitoring-pkh
W04,melihat,3,1.4.3,P016,https://dinsos.riau.go.id/
W04,melihat,3,1.4.3,P017,https://dinsos.riau.go.id/profil
W04,melihat,3,1.4.3,P018,https://dinsos.riau.go.id/berita/19
W04,melihat,3,1.4.3,P019,https://dinsos.riau.go.id/berita
W04,melihat,3,1.4.3,P020,https://dinsos.riau.go.id/ppid/daftar-informasi/pengaduan-monitoring-pkh
W04,tangan,1,4.1.2,P016,https://dinsos.riau.go.id/
W04,tangan,1,4.1.2,P017,https://dinsos.riau.go.id/profil
W04,tangan,1,4.1.2,P018,https://dinsos.riau.go.id/berita/19
W04,tangan,1,4.1.2,P019,https://dinsos.riau.go.id/berita
W04,tangan,1,4.1.2,P020,https://dinsos.riau.go.id/ppid/daftar-informasi/pengaduan-monitoring-pkh
W04,tangan,2,2.4.4,P016,https://dinsos.riau.go.id/
W04,tangan,2,2.4.4,P017,https://dinsos.riau.go.id/profil
W04,tangan,2,2.4.4,P018,https://dinsos.riau.go.id/berita/19
W04,tangan,2,2.4.4,P019,https://dinsos.riau.go.id/berita
W04,tangan,2,2.4.4,P020,https://dinsos.riau.go.id/ppid/daftar-informasi/pengaduan-monitoring-pkh
W05,melihat,1,4.1.2,P021,https://dinsosjambipemprov.com/
W05,melihat,1,4.1.2,P022,https://dinsosjambipemprov.com/profile/
W05,melihat,1,4.1.2,P023,https://dinsosjambipemprov.com/layanan/
W05,melihat,1,4.1.2,P024,https://dinsosjambipemprov.com/berita/
W05,melihat,1,4.1.2,P025,https://dinsosjambipemprov.com/berita/#
W05,melihat,2,2.4.4,P021,https://dinsosjambipemprov.com/
W05,melihat,2,2.4.4,P022,https://dinsosjambipemprov.com/profile/
W05,melihat,2,2.4.4,P023,https://dinsosjambipemprov.com/layanan/
W05,melihat,2,2.4.4,P024,https://dinsosjambipemprov.com/berita/
W05,melihat,2,2.4.4,P025,https://dinsosjambipemprov.com/berita/#
W05,melihat,3,1.1.1,P021,https://dinsosjambipemprov.com/
W05,tangan,1,4.1.2,P021,https://dinsosjambipemprov.com/
W05,tangan,1,4.1.2,P022,https://dinsosjambipemprov.com/profile/
W05,tangan,1,4.1.2,P023,https://dinsosjambipemprov.com/layanan/
W05,tangan,1,4.1.2,P024,https://dinsosjambipemprov.com/berita/
W05,tangan,1,4.1.2,P025,https://dinsosjambipemprov.com/berita/#
W05,tangan,2,2.4.4,P021,https://dinsosjambipemprov.com/
W05,tangan,2,2.4.4,P022,https://dinsosjambipemprov.com/profile/
W05,tangan,2,2.4.4,P023,https://dinsosjambipemprov.com/layanan/
W05,tangan,2,2.4.4,P024,https://dinsosjambipemprov.com/berita/
W05,tangan,2,2.4.4,P025,https://dinsosjambipemprov.com/berita/#
W05,tangan,3,1.1.1,P021,https://dinsosjambipemprov.com/
W06,melihat,1,4.1.2,P027,https://dinsos.sumselprov.go.id/profil/struktur-organisasi
W06,melihat,1,4.1.2,P028,https://dinsos.sumselprov.go.id/layanan/rekomendasi-izin-undian-gratis
W06,melihat,1,4.1.2,P029,https://dinsos.sumselprov.go.id/berita
W06,melihat,1,4.1.2,P030,https://dinsos.sumselprov.go.id/layanan/pengaduan-masyarakat
W06,melihat,2,1.4.3,P027,https://dinsos.sumselprov.go.id/profil/struktur-organisasi
W06,melihat,2,1.4.3,P028,https://dinsos.sumselprov.go.id/layanan/rekomendasi-izin-undian-gratis
W06,melihat,2,1.4.3,P029,https://dinsos.sumselprov.go.id/berita
W06,melihat,2,1.4.3,P030,https://dinsos.sumselprov.go.id/layanan/pengaduan-masyarakat
W06,melihat,3,2.4.4,P029,https://dinsos.sumselprov.go.id/berita
W06,tangan,1,4.1.2,P027,https://dinsos.sumselprov.go.id/profil/struktur-organisasi
W06,tangan,1,4.1.2,P028,https://dinsos.sumselprov.go.id/layanan/rekomendasi-izin-undian-gratis
W06,tangan,1,4.1.2,P029,https://dinsos.sumselprov.go.id/berita
W06,tangan,1,4.1.2,P030,https://dinsos.sumselprov.go.id/layanan/pengaduan-masyarakat
W06,tangan,2,2.4.4,P029,https://dinsos.sumselprov.go.id/berita
W06,tangan,3,2.1.1,P029,https://dinsos.sumselprov.go.id/berita
W08,melihat,1,1.1.1,P038,https://lampungprov.go.id/layanan-publik
W08,melihat,2,1.4.3,P037,https://opendata.lampungprov.go.id/
W08,melihat,2,1.4.3,P038,https://lampungprov.go.id/layanan-publik
W08,melihat,3,4.1.2,P036,https://lampungprov.go.id/
W08,melihat,3,4.1.2,P037,https://opendata.lampungprov.go.id/
W08,melihat,3,4.1.2,P038,https://lampungprov.go.id/layanan-publik
W08,melihat,3,4.1.2,P040,https://lampungprov.go.id/
W08,tangan,1,4.1.2,P036,https://lampungprov.go.id/
W08,tangan,1,4.1.2,P037,https://opendata.lampungprov.go.id/
W08,tangan,1,4.1.2,P038,https://lampungprov.go.id/layanan-publik
W08,tangan,1,4.1.2,P040,https://lampungprov.go.id/
W08,tangan,2,2.4.4,P036,https://lampungprov.go.id/
W08,tangan,2,2.4.4,P037,https://opendata.lampungprov.go.id/
W08,tangan,2,2.4.4,P038,https://lampungprov.go.id/layanan-publik
W08,tangan,2,2.4.4,P040,https://lampungprov.go.id/
W08,tangan,3,1.1.1,P038,https://lampungprov.go.id/layanan-publik
W09,melihat,1,2.4.4,P041,https://drupal.dinsospmd.babelprov.go.id
W09,melihat,1,2.4.4,P042,https://drupal.dinsospmd.babelprov.go.id/bahas-realisasi-anggaran-tahun-2025-kepala-dinas-sosial-pmd-mengikuti-rapat-kerja-dengan-komisi-iv
W09,melihat,1,2.4.4,P043,https://drupal.dinsospmd.babelprov.go.id/silahturahmi-dengan-pegawai-plt-kepala-dinsospmd-ajak-pegawai-untuk-berikan-layanan-publik-yang-baik
W09,melihat,1,2.4.4,P044,https://drupal.dinsospmd.babelprov.go.id/berita
W09,melihat,2,4.1.2,P041,https://drupal.dinsospmd.babelprov.go.id
W09,melihat,2,4.1.2,P042,https://drupal.dinsospmd.babelprov.go.id/bahas-realisasi-anggaran-tahun-2025-kepala-dinas-sosial-pmd-mengikuti-rapat-kerja-dengan-komisi-iv
W09,melihat,2,4.1.2,P043,https://drupal.dinsospmd.babelprov.go.id/silahturahmi-dengan-pegawai-plt-kepala-dinsospmd-ajak-pegawai-untuk-berikan-layanan-publik-yang-baik
W09,melihat,2,4.1.2,P044,https://drupal.dinsospmd.babelprov.go.id/berita
W09,melihat,3,1.1.1,P041,https://drupal.dinsospmd.babelprov.go.id
W09,melihat,3,1.1.1,P042,https://drupal.dinsospmd.babelprov.go.id/bahas-realisasi-anggaran-tahun-2025-kepala-dinas-sosial-pmd-mengikuti-rapat-kerja-dengan-komisi-iv
W09,melihat,3,1.1.1,P043,https://drupal.dinsospmd.babelprov.go.id/silahturahmi-dengan-pegawai-plt-kepala-dinsospmd-ajak-pegawai-untuk-berikan-layanan-publik-yang-baik
W09,melihat,3,1.1.1,P044,https://drupal.dinsospmd.babelprov.go.id/berita
W09,melihat,3,1.1.1,P045,https://drupal.dinsospmd.babelprov.go.id/kanal-layanan-pengaduan
W09,tangan,1,4.1.2,P041,https://drupal.dinsospmd.babelprov.go.id
W09,tangan,1,4.1.2,P042,https://drupal.dinsospmd.babelprov.go.id/bahas-realisasi-anggaran-tahun-2025-kepala-dinas-sosial-pmd-mengikuti-rapat-kerja-dengan-komisi-iv
W09,tangan,1,4.1.2,P043,https://drupal.dinsospmd.babelprov.go.id/silahturahmi-dengan-pegawai-plt-kepala-dinsospmd-ajak-pegawai-untuk-berikan-layanan-publik-yang-baik
W09,tangan,1,4.1.2,P044,https://drupal.dinsospmd.babelprov.go.id/berita
W09,tangan,2,2.4.4,P041,https://drupal.dinsospmd.babelprov.go.id
W09,tangan,2,2.4.4,P042,https://drupal.dinsospmd.babelprov.go.id/bahas-realisasi-anggaran-tahun-2025-kepala-dinas-sosial-pmd-mengikuti-rapat-kerja-dengan-komisi-iv
W09,tangan,2,2.4.4,P043,https://drupal.dinsospmd.babelprov.go.id/silahturahmi-dengan-pegawai-plt-kepala-dinsospmd-ajak-pegawai-untuk-berikan-layanan-publik-yang-baik
W09,tangan,2,2.4.4,P044,https://drupal.dinsospmd.babelprov.go.id/berita
W09,tangan,3,1.1.1,P041,https://drupal.dinsospmd.babelprov.go.id
W09,tangan,3,1.1.1,P042,https://drupal.dinsospmd.babelprov.go.id/bahas-realisasi-anggaran-tahun-2025-kepala-dinas-sosial-pmd-mengikuti-rapat-kerja-dengan-komisi-iv
W09,tangan,3,1.1.1,P043,https://drupal.dinsospmd.babelprov.go.id/silahturahmi-dengan-pegawai-plt-kepala-dinsospmd-ajak-pegawai-untuk-berikan-layanan-publik-yang-baik
W09,tangan,3,1.1.1,P044,https://drupal.dinsospmd.babelprov.go.id/berita
W09,tangan,3,1.1.1,P045,https://drupal.dinsospmd.babelprov.go.id/kanal-layanan-pengaduan
W10,melihat,1,1.4.3,P046,https://dinsos.kepriprov.go.id/
W10,melihat,1,1.4.3,P047,https://dinsos.kepriprov.go.id/laman/tentang-kami
W10,melihat,1,1.4.3,P048,https://dinsos.kepriprov.go.id/layanan
W10,melihat,1,1.4.3,P049,https://dinsos.kepriprov.go.id/berita
W10,melihat,1,1.4.3,P050,https://dinsos.kepriprov.go.id/kontak
W10,melihat,2,4.1.2,P049,https://dinsos.kepriprov.go.id/berita
W10,melihat,2,4.1.2,P050,https://dinsos.kepriprov.go.id/kontak
W10,melihat,3,2.4.4,P049,https://dinsos.kepriprov.go.id/berita
W10,tangan,1,4.1.2,P049,https://dinsos.kepriprov.go.id/berita
W10,tangan,1,4.1.2,P050,https://dinsos.kepriprov.go.id/kontak
W10,tangan,2,2.4.4,P049,https://dinsos.kepriprov.go.id/berita
W10,tangan,3,2.1.1,P046,https://dinsos.kepriprov.go.id/
W11,melihat,1,1.1.1,P051,https://dinsos.jakarta.go.id/
W11,melihat,1,1.1.1,P055,https://dinsos.jakarta.go.id/
W11,melihat,2,4.1.2,P051,https://dinsos.jakarta.go.id/
W11,melihat,2,4.1.2,P055,https://dinsos.jakarta.go.id/
W11,melihat,3,1.4.3,P051,https://dinsos.jakarta.go.id/
W11,melihat,3,1.4.3,P055,https://dinsos.jakarta.go.id/
W11,tangan,1,4.1.2,P051,https://dinsos.jakarta.go.id/
W11,tangan,1,4.1.2,P055,https://dinsos.jakarta.go.id/
W11,tangan,2,1.1.1,P051,https://dinsos.jakarta.go.id/
W11,tangan,2,1.1.1,P055,https://dinsos.jakarta.go.id/
W11,tangan,3,2.4.2,P053,https://dinsos.jakarta.go.id/asset-frontend/file/Alur-PPID.pdf
W11,tangan,3,2.4.2,P054,https://dinsos.jakarta.go.id/asset-frontend/file/Alur-PPID.pdf
W12,melihat,1,1.4.3,P056,https://dinsos.jabarprov.go.id/
W12,melihat,1,1.4.3,P057,https://dinsos.jabarprov.go.id/visi-misi
W12,melihat,1,1.4.3,P058,https://dinsos.jabarprov.go.id/sasaran-program-dinsos-jabar
W12,melihat,1,1.4.3,P059,https://dinsos.jabarprov.go.id/sop-pelayanan-informasi
W12,melihat,1,1.4.3,P060,https://dinsos.jabarprov.go.id/pengaduan
W13,melihat,1,1.1.1,P061,https://jatengprov.go.id/
W13,melihat,1,1.1.1,P062,https://jatengprov.go.id/sejarah/
W13,melihat,1,1.1.1,P063,https://jatengprov.go.id/katalog-layanan-jatengprov/
W13,melihat,1,1.1.1,P064,https://jatengprov.go.id
W13,melihat,1,1.1.1,P065,https://jatengprov.go.id
W13,melihat,2,4.1.2,P061,https://jatengprov.go.id/
W13,melihat,2,4.1.2,P062,https://jatengprov.go.id/sejarah/
W13,melihat,2,4.1.2,P063,https://jatengprov.go.id/katalog-layanan-jatengprov/
W13,melihat,2,4.1.2,P064,https://jatengprov.go.id
W13,melihat,2,4.1.2,P065,https://jatengprov.go.id
W13,melihat,3,1.4.3,P061,https://jatengprov.go.id/
W13,melihat,3,1.4.3,P064,https://jatengprov.go.id
W13,melihat,3,1.4.3,P065,https://jatengprov.go.id
W13,tangan,1,4.1.2,P061,https://jatengprov.go.id/
W13,tangan,1,4.1.2,P062,https://jatengprov.go.id/sejarah/
W13,tangan,1,4.1.2,P063,https://jatengprov.go.id/katalog-layanan-jatengprov/
W13,tangan,1,4.1.2,P064,https://jatengprov.go.id
W13,tangan,1,4.1.2,P065,https://jatengprov.go.id
W13,tangan,2,2.4.4,P061,https://jatengprov.go.id/
W13,tangan,2,2.4.4,P062,https://jatengprov.go.id/sejarah/
W13,tangan,2,2.4.4,P063,https://jatengprov.go.id/katalog-layanan-jatengprov/
W13,tangan,2,2.4.4,P064,https://jatengprov.go.id
W13,tangan,2,2.4.4,P065,https://jatengprov.go.id
W13,tangan,3,1.1.1,P061,https://jatengprov.go.id/
W13,tangan,3,1.1.1,P062,https://jatengprov.go.id/sejarah/
W13,tangan,3,1.1.1,P063,https://jatengprov.go.id/katalog-layanan-jatengprov/
W13,tangan,3,1.1.1,P064,https://jatengprov.go.id
W13,tangan,3,1.1.1,P065,https://jatengprov.go.id
W14,melihat,1,4.1.2,P066,https://dinsos.jogjaprov.go.id/
W14,melihat,1,4.1.2,P067,https://dinsos.jogjaprov.go.id/#
W14,melihat,1,4.1.2,P068,https://dinsos.jogjaprov.go.id/layanan
W14,melihat,1,4.1.2,P069,https://dinsos.jogjaprov.go.id/informasi
W14,melihat,1,4.1.2,P070,https://dinsos.jogjaprov.go.id/#
W14,melihat,2,1.4.3,P068,https://dinsos.jogjaprov.go.id/layanan
W14,melihat,2,1.4.3,P069,https://dinsos.jogjaprov.go.id/informasi
W14,melihat,3,3.1.1,P066,https://dinsos.jogjaprov.go.id/
W14,melihat,3,3.1.1,P067,https://dinsos.jogjaprov.go.id/#
W14,melihat,3,3.1.1,P068,https://dinsos.jogjaprov.go.id/layanan
W14,melihat,3,3.1.1,P069,https://dinsos.jogjaprov.go.id/informasi
W14,melihat,3,3.1.1,P070,https://dinsos.jogjaprov.go.id/#
W14,tangan,1,4.1.2,P066,https://dinsos.jogjaprov.go.id/
W14,tangan,1,4.1.2,P067,https://dinsos.jogjaprov.go.id/#
W14,tangan,1,4.1.2,P068,https://dinsos.jogjaprov.go.id/layanan
W14,tangan,1,4.1.2,P069,https://dinsos.jogjaprov.go.id/informasi
W14,tangan,1,4.1.2,P070,https://dinsos.jogjaprov.go.id/#
W15,melihat,1,1.4.3,P071,https://dinsos.jatimprov.go.id/
W15,melihat,1,1.4.3,P072,https://dinsos.jatimprov.go.id/profil
W15,melihat,1,1.4.3,P073,https://dinsos.jatimprov.go.id/menu/layanan
W15,melihat,1,1.4.3,P074,https://dinsos.jatimprov.go.id/list-kegiatan
W15,melihat,1,1.4.3,P075,https://dinsos.jatimprov.go.id/laporan-publik
W15,melihat,2,2.2.1,P071,https://dinsos.jatimprov.go.id/
W15,melihat,2,2.2.1,P072,https://dinsos.jatimprov.go.id/profil
W15,melihat,2,2.2.1,P073,https://dinsos.jatimprov.go.id/menu/layanan
W15,melihat,2,2.2.1,P074,https://dinsos.jatimprov.go.id/list-kegiatan
W15,melihat,2,2.2.1,P075,https://dinsos.jatimprov.go.id/laporan-publik
W15,tangan,1,2.2.1,P071,https://dinsos.jatimprov.go.id/
W15,tangan,1,2.2.1,P072,https://dinsos.jatimprov.go.id/profil
W15,tangan,1,2.2.1,P073,https://dinsos.jatimprov.go.id/menu/layanan
W15,tangan,1,2.2.1,P074,https://dinsos.jatimprov.go.id/list-kegiatan
W15,tangan,1,2.2.1,P075,https://dinsos.jatimprov.go.id/laporan-publik
W16,melihat,1,1.4.4,P076,https://dinsos.bantenprov.go.id/
W16,melihat,1,1.4.4,P077,https://dinsos.bantenprov.go.id/sejarah-banten
W16,melihat,1,1.4.4,P078,https://dinsos.bantenprov.go.id/kebijakan-pelayanan-informasi-publik
W16,melihat,1,1.4.4,P079,https://dinsos.bantenprov.go.id/kategori/9fcd9da3-756c-46af-ba9f-bfb06ac57533/artikel
W16,melihat,1,1.4.4,P080,https://dinsos.bantenprov.go.id/tata-cara-pengaduan
W16,melihat,2,3.1.1,P076,https://dinsos.bantenprov.go.id/
W16,melihat,2,3.1.1,P077,https://dinsos.bantenprov.go.id/sejarah-banten
W16,melihat,2,3.1.1,P078,https://dinsos.bantenprov.go.id/kebijakan-pelayanan-informasi-publik
W16,melihat,2,3.1.1,P079,https://dinsos.bantenprov.go.id/kategori/9fcd9da3-756c-46af-ba9f-bfb06ac57533/artikel
W16,melihat,2,3.1.1,P080,https://dinsos.bantenprov.go.id/tata-cara-pengaduan
W16,tangan,1,1.4.4,P076,https://dinsos.bantenprov.go.id/
W16,tangan,1,1.4.4,P077,https://dinsos.bantenprov.go.id/sejarah-banten
W16,tangan,1,1.4.4,P078,https://dinsos.bantenprov.go.id/kebijakan-pelayanan-informasi-publik
W16,tangan,1,1.4.4,P079,https://dinsos.bantenprov.go.id/kategori/9fcd9da3-756c-46af-ba9f-bfb06ac57533/artikel
W16,tangan,1,1.4.4,P080,https://dinsos.bantenprov.go.id/tata-cara-pengaduan
W17,melihat,1,1.4.3,P081,https://dissosp3a.baliprov.go.id/
W17,melihat,1,1.4.3,P084,https://dissosp3a.baliprov.go.id/berita/
W17,melihat,1,1.4.3,P085,https://dissosp3a.baliprov.go.id/
W17,melihat,2,4.1.2,P081,https://dissosp3a.baliprov.go.id/
W17,melihat,2,4.1.2,P082,https://dissosp3a.baliprov.go.id/profil-perangkat-daerah/
W17,melihat,2,4.1.2,P083,https://dissosp3a.baliprov.go.id/maklumat-pelayanan/
W17,melihat,2,4.1.2,P084,https://dissosp3a.baliprov.go.id/berita/
W17,melihat,2,4.1.2,P085,https://dissosp3a.baliprov.go.id/
W17,melihat,3,1.4.1,P081,https://dissosp3a.baliprov.go.id/
W17,melihat,3,1.4.1,P082,https://dissosp3a.baliprov.go.id/profil-perangkat-daerah/
W17,melihat,3,1.4.1,P083,https://dissosp3a.baliprov.go.id/maklumat-pelayanan/
W17,melihat,3,1.4.1,P084,https://dissosp3a.baliprov.go.id/berita/
W17,melihat,3,1.4.1,P085,https://dissosp3a.baliprov.go.id/
W17,tangan,1,4.1.2,P081,https://dissosp3a.baliprov.go.id/
W17,tangan,1,4.1.2,P082,https://dissosp3a.baliprov.go.id/profil-perangkat-daerah/
W17,tangan,1,4.1.2,P083,https://dissosp3a.baliprov.go.id/maklumat-pelayanan/
W17,tangan,1,4.1.2,P084,https://dissosp3a.baliprov.go.id/berita/
W17,tangan,1,4.1.2,P085,https://dissosp3a.baliprov.go.id/
W17,tangan,2,2.4.4,P081,https://dissosp3a.baliprov.go.id/
W17,tangan,2,2.4.4,P082,https://dissosp3a.baliprov.go.id/profil-perangkat-daerah/
W17,tangan,2,2.4.4,P083,https://dissosp3a.baliprov.go.id/maklumat-pelayanan/
W17,tangan,2,2.4.4,P084,https://dissosp3a.baliprov.go.id/berita/
W17,tangan,2,2.4.4,P085,https://dissosp3a.baliprov.go.id/
W17,tangan,3,1.1.1,P081,https://dissosp3a.baliprov.go.id/
W17,tangan,3,1.1.1,P082,https://dissosp3a.baliprov.go.id/profil-perangkat-daerah/
W17,tangan,3,1.1.1,P083,https://dissosp3a.baliprov.go.id/maklumat-pelayanan/
W17,tangan,3,1.1.1,P084,https://dissosp3a.baliprov.go.id/berita/
W17,tangan,3,1.1.1,P085,https://dissosp3a.baliprov.go.id/
W18,melihat,1,4.1.2,P086,https://dinsosntbpemprov.com/
W18,melihat,1,4.1.2,P087,https://dinsosntbpemprov.com/profile/
W18,melihat,1,4.1.2,P088,https://dinsosntbpemprov.com/tata-cara-permohonan-pengajuan-informasi-dan-permohonan-keberatan/
W18,melihat,1,4.1.2,P089,https://dinsosntbpemprov.com/tata-cara-permohonan-pengajuan-informasi-dan-permohonan-keberatan/
W18,melihat,1,4.1.2,P090,https://dinsosntbpemprov.com/
W18,melihat,2,2.4.4,P086,https://dinsosntbpemprov.com/
W18,melihat,2,2.4.4,P087,https://dinsosntbpemprov.com/profile/
W18,melihat,2,2.4.4,P088,https://dinsosntbpemprov.com/tata-cara-permohonan-pengajuan-informasi-dan-permohonan-keberatan/
W18,melihat,2,2.4.4,P089,https://dinsosntbpemprov.com/tata-cara-permohonan-pengajuan-informasi-dan-permohonan-keberatan/
W18,melihat,2,2.4.4,P090,https://dinsosntbpemprov.com/
W18,melihat,3,1.1.1,P086,https://dinsosntbpemprov.com/
W18,melihat,3,1.1.1,P090,https://dinsosntbpemprov.com/
W18,tangan,1,4.1.2,P086,https://dinsosntbpemprov.com/
W18,tangan,1,4.1.2,P087,https://dinsosntbpemprov.com/profile/
W18,tangan,1,4.1.2,P088,https://dinsosntbpemprov.com/tata-cara-permohonan-pengajuan-informasi-dan-permohonan-keberatan/
W18,tangan,1,4.1.2,P089,https://dinsosntbpemprov.com/tata-cara-permohonan-pengajuan-informasi-dan-permohonan-keberatan/
W18,tangan,1,4.1.2,P090,https://dinsosntbpemprov.com/
W18,tangan,2,2.4.4,P086,https://dinsosntbpemprov.com/
W18,tangan,2,2.4.4,P087,https://dinsosntbpemprov.com/profile/
W18,tangan,2,2.4.4,P088,https://dinsosntbpemprov.com/tata-cara-permohonan-pengajuan-informasi-dan-permohonan-keberatan/
W18,tangan,2,2.4.4,P089,https://dinsosntbpemprov.com/tata-cara-permohonan-pengajuan-informasi-dan-permohonan-keberatan/
W18,tangan,2,2.4.4,P090,https://dinsosntbpemprov.com/
W18,tangan,3,1.1.1,P086,https://dinsosntbpemprov.com/
W18,tangan,3,1.1.1,P090,https://dinsosntbpemprov.com/
W19,melihat,1,4.1.2,P091,https://dinsos.nttprov.go.id/
W19,melihat,1,4.1.2,P092,https://dinsos.nttprov.go.id/profil-dinas
W19,melihat,1,4.1.2,P093,https://dinsos.nttprov.go.id/layanan/pengaduan
W19,melihat,1,4.1.2,P094,https://dinsos.nttprov.go.id/berita
W19,melihat,1,4.1.2,P095,https://dinsos.nttprov.go.id/kontak
W19,melihat,2,1.4.3,P091,https://dinsos.nttprov.go.id/
W19,melihat,2,1.4.3,P092,https://dinsos.nttprov.go.id/profil-dinas
W19,melihat,2,1.4.3,P093,https://dinsos.nttprov.go.id/layanan/pengaduan
W19,melihat,2,1.4.3,P094,https://dinsos.nttprov.go.id/berita
W19,melihat,2,1.4.3,P095,https://dinsos.nttprov.go.id/kontak
W19,melihat,3,2.4.4,P091,https://dinsos.nttprov.go.id/
W19,melihat,3,2.4.4,P092,https://dinsos.nttprov.go.id/profil-dinas
W19,melihat,3,2.4.4,P093,https://dinsos.nttprov.go.id/layanan/pengaduan
W19,melihat,3,2.4.4,P094,https://dinsos.nttprov.go.id/berita
W19,melihat,3,2.4.4,P095,https://dinsos.nttprov.go.id/kontak
W19,tangan,1,4.1.2,P091,https://dinsos.nttprov.go.id/
W19,tangan,1,4.1.2,P092,https://dinsos.nttprov.go.id/profil-dinas
W19,tangan,1,4.1.2,P093,https://dinsos.nttprov.go.id/layanan/pengaduan
W19,tangan,1,4.1.2,P094,https://dinsos.nttprov.go.id/berita
W19,tangan,1,4.1.2,P095,https://dinsos.nttprov.go.id/kontak
W19,tangan,2,2.4.4,P091,https://dinsos.nttprov.go.id/
W19,tangan,2,2.4.4,P092,https://dinsos.nttprov.go.id/profil-dinas
W19,tangan,2,2.4.4,P093,https://dinsos.nttprov.go.id/layanan/pengaduan
W19,tangan,2,2.4.4,P094,https://dinsos.nttprov.go.id/berita
W19,tangan,2,2.4.4,P095,https://dinsos.nttprov.go.id/kontak
W20,melihat,1,1.4.3,P096,https://dinsos.kalbarprov.go.id/
W20,melihat,1,1.4.3,P097,https://dinsos.kalbarprov.go.id/profil/struktur-organisasi/
W20,melihat,1,1.4.3,P098,https://dinsos.kalbarprov.go.id/infografis/perbaiki-layanan-publik/
W20,melihat,1,1.4.3,P099,https://dinsos.kalbarprov.go.id/berita
W20,melihat,1,1.4.3,P100,https://dinsos.kalbarprov.go.id/hubungi-kami
W20,melihat,2,4.1.2,P096,https://dinsos.kalbarprov.go.id/
W20,melihat,2,4.1.2,P097,https://dinsos.kalbarprov.go.id/profil/struktur-organisasi/
W20,melihat,2,4.1.2,P098,https://dinsos.kalbarprov.go.id/infografis/perbaiki-layanan-publik/
W20,melihat,2,4.1.2,P099,https://dinsos.kalbarprov.go.id/berita
W20,melihat,2,4.1.2,P100,https://dinsos.kalbarprov.go.id/hubungi-kami
W20,melihat,3,1.1.1,P097,https://dinsos.kalbarprov.go.id/profil/struktur-organisasi/
W20,tangan,1,4.1.2,P096,https://dinsos.kalbarprov.go.id/
W20,tangan,1,4.1.2,P097,https://dinsos.kalbarprov.go.id/profil/struktur-organisasi/
W20,tangan,1,4.1.2,P098,https://dinsos.kalbarprov.go.id/infografis/perbaiki-layanan-publik/
W20,tangan,1,4.1.2,P099,https://dinsos.kalbarprov.go.id/berita
W20,tangan,1,4.1.2,P100,https://dinsos.kalbarprov.go.id/hubungi-kami
W20,tangan,2,1.1.1,P097,https://dinsos.kalbarprov.go.id/profil/struktur-organisasi/
W21,melihat,1,1.4.3,P101,https://dinsos.kalteng.go.id/
W21,melihat,1,1.4.3,P102,https://dinsos.kalteng.go.id/tentang/visi
W21,melihat,1,1.4.3,P103,https://dinsos.kalteng.go.id/pelayanan/pmks
W21,melihat,1,1.4.3,P104,https://dinsos.kalteng.go.id/kabar/kategori/artikel
W21,melihat,1,1.4.3,P105,https://dinsos.kalteng.go.id/kontak-kami
W21,melihat,2,2.4.4,P101,https://dinsos.kalteng.go.id/
W21,melihat,2,2.4.4,P102,https://dinsos.kalteng.go.id/tentang/visi
W21,melihat,2,2.4.4,P103,https://dinsos.kalteng.go.id/pelayanan/pmks
W21,melihat,2,2.4.4,P104,https://dinsos.kalteng.go.id/kabar/kategori/artikel
W21,melihat,2,2.4.4,P105,https://dinsos.kalteng.go.id/kontak-kami
W21,melihat,3,4.1.2,P101,https://dinsos.kalteng.go.id/
W21,melihat,3,4.1.2,P102,https://dinsos.kalteng.go.id/tentang/visi
W21,melihat,3,4.1.2,P103,https://dinsos.kalteng.go.id/pelayanan/pmks
W21,melihat,3,4.1.2,P104,https://dinsos.kalteng.go.id/kabar/kategori/artikel
W21,melihat,3,4.1.2,P105,https://dinsos.kalteng.go.id/kontak-kami
W21,tangan,1,4.1.2,P101,https://dinsos.kalteng.go.id/
W21,tangan,1,4.1.2,P102,https://dinsos.kalteng.go.id/tentang/visi
W21,tangan,1,4.1.2,P103,https://dinsos.kalteng.go.id/pelayanan/pmks
W21,tangan,1,4.1.2,P104,https://dinsos.kalteng.go.id/kabar/kategori/artikel
W21,tangan,1,4.1.2,P105,https://dinsos.kalteng.go.id/kontak-kami
W21,tangan,2,2.4.4,P101,https://dinsos.kalteng.go.id/
W21,tangan,2,2.4.4,P102,https://dinsos.kalteng.go.id/tentang/visi
W21,tangan,2,2.4.4,P103,https://dinsos.kalteng.go.id/pelayanan/pmks
W21,tangan,2,2.4.4,P104,https://dinsos.kalteng.go.id/kabar/kategori/artikel
W21,tangan,2,2.4.4,P105,https://dinsos.kalteng.go.id/kontak-kami
W21,tangan,3,1.3.1,P103,https://dinsos.kalteng.go.id/pelayanan/pmks
W22,melihat,1,1.4.3,P106,https://dinsos.kalselprov.go.id/
W22,melihat,1,1.4.3,P107,https://dinsos.kalselprov.go.id/user/profil/VISI-DAN-MISI
W22,melihat,1,1.4.3,P108,https://dinsos.kalselprov.go.id/user/layanan/Pengangkatan-Anak
W22,melihat,1,1.4.3,P109,https://dinsos.kalselprov.go.id/user/berita?page=1
W22,melihat,1,1.4.3,P110,https://dinsos.kalselprov.go.id/user/kontak
W22,melihat,2,4.1.2,P106,https://dinsos.kalselprov.go.id/
W22,melihat,2,4.1.2,P107,https://dinsos.kalselprov.go.id/user/profil/VISI-DAN-MISI
W22,melihat,2,4.1.2,P108,https://dinsos.kalselprov.go.id/user/layanan/Pengangkatan-Anak
W22,melihat,2,4.1.2,P109,https://dinsos.kalselprov.go.id/user/berita?page=1
W22,melihat,2,4.1.2,P110,https://dinsos.kalselprov.go.id/user/kontak
W22,melihat,3,2.4.4,P106,https://dinsos.kalselprov.go.id/
W22,melihat,3,2.4.4,P107,https://dinsos.kalselprov.go.id/user/profil/VISI-DAN-MISI
W22,melihat,3,2.4.4,P108,https://dinsos.kalselprov.go.id/user/layanan/Pengangkatan-Anak
W22,melihat,3,2.4.4,P109,https://dinsos.kalselprov.go.id/user/berita?page=1
W22,melihat,3,2.4.4,P110,https://dinsos.kalselprov.go.id/user/kontak
W22,tangan,1,4.1.2,P106,https://dinsos.kalselprov.go.id/
W22,tangan,1,4.1.2,P107,https://dinsos.kalselprov.go.id/user/profil/VISI-DAN-MISI
W22,tangan,1,4.1.2,P108,https://dinsos.kalselprov.go.id/user/layanan/Pengangkatan-Anak
W22,tangan,1,4.1.2,P109,https://dinsos.kalselprov.go.id/user/berita?page=1
W22,tangan,1,4.1.2,P110,https://dinsos.kalselprov.go.id/user/kontak
W22,tangan,2,2.4.4,P106,https://dinsos.kalselprov.go.id/
W22,tangan,2,2.4.4,P107,https://dinsos.kalselprov.go.id/user/profil/VISI-DAN-MISI
W22,tangan,2,2.4.4,P108,https://dinsos.kalselprov.go.id/user/layanan/Pengangkatan-Anak
W22,tangan,2,2.4.4,P109,https://dinsos.kalselprov.go.id/user/berita?page=1
W22,tangan,2,2.4.4,P110,https://dinsos.kalselprov.go.id/user/kontak
W23,melihat,1,1.4.3,P112,https://dinsos.kaltimprov.go.id/profil-dinsos
W23,melihat,1,1.4.3,P113,https://dinsos.kaltimprov.go.id/maklumat-pelayanan-2
W23,melihat,1,1.4.3,P114,https://dinsos.kaltimprov.go.id/berita
W23,melihat,2,2.4.4,P111,https://dinsos.kaltimprov.go.id/
W23,melihat,2,2.4.4,P112,https://dinsos.kaltimprov.go.id/profil-dinsos
W23,melihat,2,2.4.4,P113,https://dinsos.kaltimprov.go.id/maklumat-pelayanan-2
W23,melihat,2,2.4.4,P114,https://dinsos.kaltimprov.go.id/berita
W23,melihat,2,2.4.4,P115,https://dinsos.kaltimprov.go.id/kontak
W23,melihat,3,4.1.2,P111,https://dinsos.kaltimprov.go.id/
W23,melihat,3,4.1.2,P112,https://dinsos.kaltimprov.go.id/profil-dinsos
W23,melihat,3,4.1.2,P113,https://dinsos.kaltimprov.go.id/maklumat-pelayanan-2
W23,melihat,3,4.1.2,P114,https://dinsos.kaltimprov.go.id/berita
W23,melihat,3,4.1.2,P115,https://dinsos.kaltimprov.go.id/kontak
W23,tangan,1,4.1.2,P111,https://dinsos.kaltimprov.go.id/
W23,tangan,1,4.1.2,P112,https://dinsos.kaltimprov.go.id/profil-dinsos
W23,tangan,1,4.1.2,P113,https://dinsos.kaltimprov.go.id/maklumat-pelayanan-2
W23,tangan,1,4.1.2,P114,https://dinsos.kaltimprov.go.id/berita
W23,tangan,1,4.1.2,P115,https://dinsos.kaltimprov.go.id/kontak
W23,tangan,2,2.4.4,P111,https://dinsos.kaltimprov.go.id/
W23,tangan,2,2.4.4,P112,https://dinsos.kaltimprov.go.id/profil-dinsos
W23,tangan,2,2.4.4,P113,https://dinsos.kaltimprov.go.id/maklumat-pelayanan-2
W23,tangan,2,2.4.4,P114,https://dinsos.kaltimprov.go.id/berita
W23,tangan,2,2.4.4,P115,https://dinsos.kaltimprov.go.id/kontak
W23,tangan,3,1.1.1,P112,https://dinsos.kaltimprov.go.id/profil-dinsos
W23,tangan,3,1.1.1,P113,https://dinsos.kaltimprov.go.id/maklumat-pelayanan-2
W24,melihat,1,3.1.1,P116,https://dinsos.kaltaraprov.go.id/
W24,melihat,1,3.1.1,P117,https://dinsos.kaltaraprov.go.id/Profil
W24,melihat,1,3.1.1,P118,https://dinsos.kaltaraprov.go.id/pelayanan-pengaduan/
W24,melihat,1,3.1.1,P119,https://dinsos.kaltaraprov.go.id/elementor-6083
W24,melihat,1,3.1.1,P120,https://dinsos.kaltaraprov.go.id/pelayanan-pengaduan/
W25,melihat,1,1.4.3,P121,https://sulutprov.go.id
W25,melihat,1,1.4.3,P123,https://sulutprov.go.id/press-release/gubernur-yulius-pastikan-negara-hadir-bantuan-untuk-korban-kebakaran-asgap-pakowa-disalurkan
W25,melihat,1,1.4.3,P124,https://sulutprov.go.id/berita
W25,melihat,2,4.1.2,P121,https://sulutprov.go.id
W25,melihat,2,4.1.2,P122,https://sulutprov.go.id/profil
W25,melihat,2,4.1.2,P123,https://sulutprov.go.id/press-release/gubernur-yulius-pastikan-negara-hadir-bantuan-untuk-korban-kebakaran-asgap-pakowa-disalurkan
W25,melihat,2,4.1.2,P124,https://sulutprov.go.id/berita
W25,melihat,2,4.1.2,P125,https://sulutprov.go.id/profil
W25,melihat,3,2.4.4,P121,https://sulutprov.go.id
W25,melihat,3,2.4.4,P122,https://sulutprov.go.id/profil
W25,melihat,3,2.4.4,P123,https://sulutprov.go.id/press-release/gubernur-yulius-pastikan-negara-hadir-bantuan-untuk-korban-kebakaran-asgap-pakowa-disalurkan
W25,melihat,3,2.4.4,P124,https://sulutprov.go.id/berita
W25,melihat,3,2.4.4,P125,https://sulutprov.go.id/profil
W25,tangan,1,4.1.2,P121,https://sulutprov.go.id
W25,tangan,1,4.1.2,P122,https://sulutprov.go.id/profil
W25,tangan,1,4.1.2,P123,https://sulutprov.go.id/press-release/gubernur-yulius-pastikan-negara-hadir-bantuan-untuk-korban-kebakaran-asgap-pakowa-disalurkan
W25,tangan,1,4.1.2,P124,https://sulutprov.go.id/berita
W25,tangan,1,4.1.2,P125,https://sulutprov.go.id/profil
W25,tangan,2,2.4.4,P121,https://sulutprov.go.id
W25,tangan,2,2.4.4,P122,https://sulutprov.go.id/profil
W25,tangan,2,2.4.4,P123,https://sulutprov.go.id/press-release/gubernur-yulius-pastikan-negara-hadir-bantuan-untuk-korban-kebakaran-asgap-pakowa-disalurkan
W25,tangan,2,2.4.4,P124,https://sulutprov.go.id/berita
W25,tangan,2,2.4.4,P125,https://sulutprov.go.id/profil
W25,tangan,3,1.1.1,P122,https://sulutprov.go.id/profil
W25,tangan,3,1.1.1,P125,https://sulutprov.go.id/profil
W27,melihat,1,4.1.2,P131,https://dinsossulselpemprov.com/
W27,melihat,1,4.1.2,P132,https://dinsossulselpemprov.com/profile/
W27,melihat,1,4.1.2,P133,https://dinsossulselpemprov.com/tata-cara-permohonan-pengajuan-informasi-dan-permohonan-keberatan/
W27,melihat,1,4.1.2,P134,https://dinsossulselpemprov.com/tata-cara-permohonan-pengajuan-informasi-dan-permohonan-keberatan/
W27,melihat,2,2.4.4,P131,https://dinsossulselpemprov.com/
W27,melihat,2,2.4.4,P132,https://dinsossulselpemprov.com/profile/
W27,melihat,2,2.4.4,P133,https://dinsossulselpemprov.com/tata-cara-permohonan-pengajuan-informasi-dan-permohonan-keberatan/
W27,melihat,2,2.4.4,P134,https://dinsossulselpemprov.com/tata-cara-permohonan-pengajuan-informasi-dan-permohonan-keberatan/
W27,melihat,3,1.1.1,P131,https://dinsossulselpemprov.com/
W27,tangan,1,4.1.2,P131,https://dinsossulselpemprov.com/
W27,tangan,1,4.1.2,P132,https://dinsossulselpemprov.com/profile/
W27,tangan,1,4.1.2,P133,https://dinsossulselpemprov.com/tata-cara-permohonan-pengajuan-informasi-dan-permohonan-keberatan/
W27,tangan,1,4.1.2,P134,https://dinsossulselpemprov.com/tata-cara-permohonan-pengajuan-informasi-dan-permohonan-keberatan/
W27,tangan,2,2.4.4,P131,https://dinsossulselpemprov.com/
W27,tangan,2,2.4.4,P132,https://dinsossulselpemprov.com/profile/
W27,tangan,2,2.4.4,P133,https://dinsossulselpemprov.com/tata-cara-permohonan-pengajuan-informasi-dan-permohonan-keberatan/
W27,tangan,2,2.4.4,P134,https://dinsossulselpemprov.com/tata-cara-permohonan-pengajuan-informasi-dan-permohonan-keberatan/
W27,tangan,3,1.1.1,P131,https://dinsossulselpemprov.com/
W29,melihat,1,1.4.3,P141,https://dinsos.gorontaloprov.go.id/
W29,melihat,1,1.4.3,P142,https://dinsos.gorontaloprov.go.id/struktur-organisasi-dinsos-dukcapil-provgorontalo-th-2025
W29,melihat,1,1.4.3,P145,https://dinsos.gorontaloprov.go.id/
W29,melihat,2,4.1.2,P141,https://dinsos.gorontaloprov.go.id/
W29,melihat,2,4.1.2,P142,https://dinsos.gorontaloprov.go.id/struktur-organisasi-dinsos-dukcapil-provgorontalo-th-2025
W29,melihat,2,4.1.2,P143,https://dinsos.gorontaloprov.go.id/layanan
W29,melihat,2,4.1.2,P144,https://dinsos.gorontaloprov.go.id/berita
W29,melihat,2,4.1.2,P145,https://dinsos.gorontaloprov.go.id/
W29,melihat,3,2.4.4,P141,https://dinsos.gorontaloprov.go.id/
W29,melihat,3,2.4.4,P142,https://dinsos.gorontaloprov.go.id/struktur-organisasi-dinsos-dukcapil-provgorontalo-th-2025
W29,melihat,3,2.4.4,P143,https://dinsos.gorontaloprov.go.id/layanan
W29,melihat,3,2.4.4,P144,https://dinsos.gorontaloprov.go.id/berita
W29,melihat,3,2.4.4,P145,https://dinsos.gorontaloprov.go.id/
W29,tangan,1,4.1.2,P141,https://dinsos.gorontaloprov.go.id/
W29,tangan,1,4.1.2,P142,https://dinsos.gorontaloprov.go.id/struktur-organisasi-dinsos-dukcapil-provgorontalo-th-2025
W29,tangan,1,4.1.2,P143,https://dinsos.gorontaloprov.go.id/layanan
W29,tangan,1,4.1.2,P144,https://dinsos.gorontaloprov.go.id/berita
W29,tangan,1,4.1.2,P145,https://dinsos.gorontaloprov.go.id/
W29,tangan,2,2.4.4,P141,https://dinsos.gorontaloprov.go.id/
W29,tangan,2,2.4.4,P142,https://dinsos.gorontaloprov.go.id/struktur-organisasi-dinsos-dukcapil-provgorontalo-th-2025
W29,tangan,2,2.4.4,P143,https://dinsos.gorontaloprov.go.id/layanan
W29,tangan,2,2.4.4,P144,https://dinsos.gorontaloprov.go.id/berita
W29,tangan,2,2.4.4,P145,https://dinsos.gorontaloprov.go.id/
W29,tangan,3,2.1.1,P142,https://dinsos.gorontaloprov.go.id/struktur-organisasi-dinsos-dukcapil-provgorontalo-th-2025
W31,melihat,1,4.1.2,P151,https://dinsos.malukuprov.go.id/
W31,melihat,1,4.1.2,P152,https://dinsos.malukuprov.go.id/
W31,melihat,1,4.1.2,P153,https://dinsos.malukuprov.go.id/halaman/detail/moto-pelayanan
W31,melihat,1,4.1.2,P154,https://dinsos.malukuprov.go.id/berita
W31,melihat,1,4.1.2,P155,https://dinsos.malukuprov.go.id/aduan
W31,melihat,2,1.4.3,P151,https://dinsos.malukuprov.go.id/
W31,melihat,2,1.4.3,P152,https://dinsos.malukuprov.go.id/
W31,melihat,2,1.4.3,P153,https://dinsos.malukuprov.go.id/halaman/detail/moto-pelayanan
W31,melihat,2,1.4.3,P154,https://dinsos.malukuprov.go.id/berita
W31,melihat,2,1.4.3,P155,https://dinsos.malukuprov.go.id/aduan
W31,melihat,3,1.1.1,P151,https://dinsos.malukuprov.go.id/
W31,melihat,3,1.1.1,P152,https://dinsos.malukuprov.go.id/
W31,tangan,1,4.1.2,P151,https://dinsos.malukuprov.go.id/
W31,tangan,1,4.1.2,P152,https://dinsos.malukuprov.go.id/
W31,tangan,1,4.1.2,P153,https://dinsos.malukuprov.go.id/halaman/detail/moto-pelayanan
W31,tangan,1,4.1.2,P154,https://dinsos.malukuprov.go.id/berita
W31,tangan,1,4.1.2,P155,https://dinsos.malukuprov.go.id/aduan
W31,tangan,2,1.1.1,P151,https://dinsos.malukuprov.go.id/
W31,tangan,2,1.1.1,P152,https://dinsos.malukuprov.go.id/
W31,tangan,3,1.4.4,P151,https://dinsos.malukuprov.go.id/
W31,tangan,3,1.4.4,P152,https://dinsos.malukuprov.go.id/
W31,tangan,3,1.4.4,P153,https://dinsos.malukuprov.go.id/halaman/detail/moto-pelayanan
W31,tangan,3,1.4.4,P154,https://dinsos.malukuprov.go.id/berita
W32,melihat,1,1.4.3,P156,https://malutprov.go.id/
W32,melihat,1,1.4.3,P157,https://malutprov.go.id/pages/tentang-maluku-utara
W32,melihat,1,1.4.3,P158,https://malutprov.go.id/sinergi-pemprov-malut-dan-ombudsman-ri-dorong-pelayanan-publik-bebas-maladministrasi
W32,melihat,1,1.4.3,P159,https://malutprov.go.id/pages/informasi-berkala
W32,melihat,1,1.4.3,P160,https://malutprov.go.id/kontak
W32,melihat,2,1.1.1,P156,https://malutprov.go.id/
W32,melihat,3,4.1.2,P156,https://malutprov.go.id/
W32,melihat,3,4.1.2,P157,https://malutprov.go.id/pages/tentang-maluku-utara
W32,melihat,3,4.1.2,P158,https://malutprov.go.id/sinergi-pemprov-malut-dan-ombudsman-ri-dorong-pelayanan-publik-bebas-maladministrasi
W32,melihat,3,4.1.2,P159,https://malutprov.go.id/pages/informasi-berkala
W32,melihat,3,4.1.2,P160,https://malutprov.go.id/kontak
W32,tangan,1,4.1.2,P156,https://malutprov.go.id/
W32,tangan,1,4.1.2,P157,https://malutprov.go.id/pages/tentang-maluku-utara
W32,tangan,1,4.1.2,P158,https://malutprov.go.id/sinergi-pemprov-malut-dan-ombudsman-ri-dorong-pelayanan-publik-bebas-maladministrasi
W32,tangan,1,4.1.2,P159,https://malutprov.go.id/pages/informasi-berkala
W32,tangan,1,4.1.2,P160,https://malutprov.go.id/kontak
W32,tangan,2,1.1.1,P156,https://malutprov.go.id/
W33,melihat,1,4.1.2,P161,https://dinsosdukcapil.papua.go.id/
W33,melihat,1,4.1.2,P162,https://dinsosdukcapil.papua.go.id/pages/visi-misi
W33,melihat,1,4.1.2,P163,https://dinsosdukcapil.papua.go.id/pages/sub-bagian-program
W33,melihat,1,4.1.2,P164,https://dinsosdukcapil.papua.go.id/pages/berita
W33,melihat,1,4.1.2,P165,https://dinsosdukcapil.papua.go.id/pages/layanan-pengaduan-masyarakat
W33,melihat,2,2.4.4,P161,https://dinsosdukcapil.papua.go.id/
W33,melihat,2,2.4.4,P162,https://dinsosdukcapil.papua.go.id/pages/visi-misi
W33,melihat,2,2.4.4,P163,https://dinsosdukcapil.papua.go.id/pages/sub-bagian-program
W33,melihat,2,2.4.4,P164,https://dinsosdukcapil.papua.go.id/pages/berita
W33,melihat,2,2.4.4,P165,https://dinsosdukcapil.papua.go.id/pages/layanan-pengaduan-masyarakat
W33,melihat,3,1.1.1,P161,https://dinsosdukcapil.papua.go.id/
W33,tangan,1,4.1.2,P161,https://dinsosdukcapil.papua.go.id/
W33,tangan,1,4.1.2,P162,https://dinsosdukcapil.papua.go.id/pages/visi-misi
W33,tangan,1,4.1.2,P163,https://dinsosdukcapil.papua.go.id/pages/sub-bagian-program
W33,tangan,1,4.1.2,P164,https://dinsosdukcapil.papua.go.id/pages/berita
W33,tangan,1,4.1.2,P165,https://dinsosdukcapil.papua.go.id/pages/layanan-pengaduan-masyarakat
W33,tangan,2,2.4.4,P161,https://dinsosdukcapil.papua.go.id/
W33,tangan,2,2.4.4,P162,https://dinsosdukcapil.papua.go.id/pages/visi-misi
W33,tangan,2,2.4.4,P163,https://dinsosdukcapil.papua.go.id/pages/sub-bagian-program
W33,tangan,2,2.4.4,P164,https://dinsosdukcapil.papua.go.id/pages/berita
W33,tangan,2,2.4.4,P165,https://dinsosdukcapil.papua.go.id/pages/layanan-pengaduan-masyarakat
W33,tangan,3,1.1.1,P161,https://dinsosdukcapil.papua.go.id/
W34,melihat,1,1.4.3,P166,https://dinsos.papuabaratprov.go.id/
W34,melihat,1,1.4.3,P167,https://dinsos.papuabaratprov.go.id/pages/struktur-organisasi
W34,melihat,1,1.4.3,P168,https://dinsos.papuabaratprov.go.id/cekstatus
W34,melihat,1,1.4.3,P169,https://dinsos.papuabaratprov.go.id/permintaaninformasi
W34,melihat,1,1.4.3,P170,https://dinsos.papuabaratprov.go.id/pages/kontak
W34,melihat,2,4.1.2,P166,https://dinsos.papuabaratprov.go.id/
W34,melihat,2,4.1.2,P167,https://dinsos.papuabaratprov.go.id/pages/struktur-organisasi
W34,melihat,2,4.1.2,P168,https://dinsos.papuabaratprov.go.id/cekstatus
W34,melihat,2,4.1.2,P169,https://dinsos.papuabaratprov.go.id/permintaaninformasi
W34,melihat,2,4.1.2,P170,https://dinsos.papuabaratprov.go.id/pages/kontak
W34,melihat,3,1.1.1,P166,https://dinsos.papuabaratprov.go.id/
W34,tangan,1,4.1.2,P166,https://dinsos.papuabaratprov.go.id/
W34,tangan,1,4.1.2,P167,https://dinsos.papuabaratprov.go.id/pages/struktur-organisasi
W34,tangan,1,4.1.2,P168,https://dinsos.papuabaratprov.go.id/cekstatus
W34,tangan,1,4.1.2,P169,https://dinsos.papuabaratprov.go.id/permintaaninformasi
W34,tangan,1,4.1.2,P170,https://dinsos.papuabaratprov.go.id/pages/kontak
W34,tangan,2,2.4.4,P167,https://dinsos.papuabaratprov.go.id/pages/struktur-organisasi
W34,tangan,2,2.4.4,P168,https://dinsos.papuabaratprov.go.id/cekstatus
W34,tangan,2,2.4.4,P169,https://dinsos.papuabaratprov.go.id/permintaaninformasi
W34,tangan,2,2.4.4,P170,https://dinsos.papuabaratprov.go.id/pages/kontak
W34,tangan,3,1.1.1,P166,https://dinsos.papuabaratprov.go.id/
